p0,T,n_frames,n_bad,p4,p4_sd,p5,p5_sd,p6,p6_sd,p7,p7_sd,p8,p8_sd,mu2,mu2_sd,q_mean,q_mean_sd,q6_mean,q6_mean_sd,psi6_local,psi6_local_sd,psi6_global,psi6_global_sd,angle_std6_deg,angle_std6_deg_sd,ellcv6,ellcv6_sd,ell_mean,ell_mean_sd,ell_std,ell_std_sd,ell_fnear,ell_fnear_sd,edge_term_g2,edge_term_g2_sd,S_peak,q_peak,tau_kww,tau_crossed_1e,q1_vert,S1_vert,q2_vert,S2_vert
3.75,0.01499281,10,0,2.4414063e-05,7.7204044e-05,0.040185547,0.0095268387,0.91967773,0.019025224,0.039990234,0.009514039,0.00012207031,0.00017263349,0.080761719,0.019000771,3.847144,0.00095222203,3.8442909,0.00057765532,0.76119931,0.013302278,0.55944471,0.1266867,20.102523,0.17850844,0.24903605,0.0031346646,0.64080784,0.00015652842,0.17321625,0.0029737484,0.27625326,0.0069594962,0.097904703,0.0091762499,10.858854,6.747611,13774.202,1,6.7249718,4.4672141,11.584623,1.8686051
3.75,0.01508705,10,0,0,0,0.042480469,0.0073305456,0.91516113,0.014596012,0.042236328,0.0072057108,0.00012207031,0.00017263349,0.085205078,0.014796435,3.8479666,0.0014567585,3.8449764,0.0013560474,0.75458359,0.010460728,0.50953568,0.12276648,20.096778,0.1370184,0.2504261,0.0032534323,0.64094244,0.00023524541,0.17426202,0.0026332994,0.27483724,0.0053180581,0.095539702,0.0073209428,8.034738,6.697258,7041.8925,1,6.6758844,3.6082975,11.63371,1.8578104
3.75,0.01513379,10,0,2.4414063e-05,7.7204044e-05,0.050537109,0.0073683925,0.89892578,0.014785689,0.050439453,0.0073008525,7.3242187e-05,0.00011793113,0.10136719,0.015144942,3.8490341,0.0010350163,3.8456832,0.00076790134,0.74428792,0.0079390652,0.36319161,0.14327166,20.039158,0.1021112,0.25291471,0.0018356933,0.64111469,0.00016499889,0.17657421,0.0017635135,0.27100423,0.0053607331,0.089305698,0.0055744018,8.402661,6.762233,6600.8133,1,6.6758844,3.4635105,11.584623,1.7624212
3.75,0.016527131,10,0,4.8828125e-05,0.00010293873,0.069799805,0.0051923507,0.86054688,0.009995398,0.069311523,0.0047695329,0.00029296875,0.00022434975,0.14047852,0.010141032,3.8569171,0.00087488269,3.8526844,0.00098833587,0.71209376,0.0076386693,0.26109683,0.085183345,20.346885,0.091333404,0.26196324,0.0027982378,0.64238023,0.00014884796,0.18413103,0.0018275327,0.25765788,0.0042226231,0.067397756,0.0061761066,6.362398,6.751012,2795.7124,1,6.6758844,2.9374721,11.486448,1.6140413
3.75,0.0173726,10,0,7.3242187e-05,0.00011793113,0.080078125,0.0061473039,0.83999023,0.0123431,0.079492188,0.0060770912,0.00036621094,0.00020747964,0.16132812,0.01274571,3.8605944,0.00083927522,3.8559533,0.0011542663,0.6994362,0.0083938543,0.1521965,0.082204023,20.490683,0.17478098,0.26636153,0.0019472379,0.64296485,0.0001427439,0.18777469,0.0014288579,0.25506999,0.0028592789,0.062675159,0.0057300446,5.867269,6.692933,1981.5545,1,6.6758844,2.8866811,11.584623,1.5642054
3.75,0.021317,10,0,0.00017089844,0.00016478236,0.11027832,0.0041957003,0.77973633,0.0083420073,0.10900879,0.004457749,0.00080566406,0.00043139187,0.22319336,0.0076564894,3.8765719,0.0014119813,3.8714768,0.0018225749,0.65192079,0.0036522685,0.077935705,0.028952893,21.351314,0.15178669,0.28347511,0.0017715415,0.64551555,0.00022033043,0.20080363,0.00094995129,0.23640137,0.005573135,0.040247332,0.0069918633,4.608783,6.705799,735.23098,1,6.626797,2.4436463,11.339186,1.3722609
3.75,0.02871607,10,0,0.00034179687,0.00030881618,0.13669434,0.0050474758,0.72680664,0.01024292,0.13493652,0.0048104584,0.0012207031,0.00082991854,0.27788086,0.012115433,3.9015557,0.0011177119,3.8960831,0.0019102006,0.60605601,0.0062279828,0.0438166,0.015422377,22.855046,0.14972508,0.30414688,0.0020218005,0.64947746,0.00019675746,0.21591266,0.0012410207,0.21707357,0.0035469076,0.018168808,0.0034292731,3.844764,6.672037,282.3558,1,6.5286222,2.1677015,11.142836,1.2538748
3.75,0.03830322,10,0,0.00087890625,0.0003490822,0.15966797,0.0038049055,0.68129883,0.0075021783,0.15488281,0.0032022879,0.0032714844,0.00092214944,0.33115234,0.010003611,3.9282532,0.0008237497,3.9224821,0.00135296,0.57158579,0.0024894991,0.020356269,0.015794663,24.418163,0.090127415,0.32363905,0.0020037912,0.65364911,0.00012620349,0.23029749,0.001174624,0.19862467,0.0034690525,0.0053560022,0.0044571033,3.372658,6.601987,138.34005,1,6.4304475,2.0092122,10.8974,1.1921059
3.75,0.05939491,10,0,0.0023681641,0.00067157165,0.19020996,0.0050264385,0.6192627,0.0087340719,0.1814209,0.0038968291,0.0067382813,0.0011050941,0.40830078,0.0099744385,3.974392,0.0021477194,3.9678069,0.0028562109,0.52948515,0.0027191894,0.018207268,0.010447058,26.818927,0.12532417,0.34927634,0.002492796,0.66075693,0.00033512411,0.25048083,0.0016800146,0.18195801,0.0019824615,0.0048542408,0.0059200088,2.820969,6.671597,59.118005,1,6.3813601,1.7617669,10.946487,1.132992
3.75,0.09518981,10,0,0.0062255859,0.00078268978,0.21254883,0.0045342727,0.56984863,0.0079306673,0.19802246,0.0035518522,0.013354492,0.001768218,0.49023438,0.012647228,4.0396598,0.0026492628,4.031187,0.0031718088,0.49213807,0.0046470042,0.019480836,0.0098355416,29.840582,0.24128248,0.37701982,0.0015870098,0.6705379,0.00039376578,0.2738568,0.0016795014,0.16743164,0.0047499217,0.0083232195,0.0057595798,2.432269,6.581735,28.573727,1,6.2831853,1.5876861,10.308351,1.1040166
3.75,0.1507937,10,0,0.012744141,0.0013753014,0.23234863,0.0034680766,0.52067871,0.0081802696,0.21135254,0.0066593181,0.022875977,0.0023446823,0.59038086,0.0087541806,4.1189519,0.002437419,4.1062745,0.0029310338,0.46359039,0.0043958911,0.017645198,0.010883456,32.55154,0.13508098,0.39928992,0.0021893224,0.68192117,0.00039468594,0.29554403,0.0011196429,0.15183105,0.0033378123,0.015804236,0.007403581,2.078862,6.534394,17.209715,1,6.0377484,1.4688961,10.062914,1.0803094
3.75,0.16952498,10,0,0.01484375,0.001450304,0.23859863,0.003228754,0.50510254,0.0068004352,0.21555176,0.0033798759,0.02590332,0.0017771843,0.62250977,0.013402705,4.1448343,0.0027416326,4.1372149,0.0072274383,0.45606587,0.003861944,0.014194915,0.0055309291,33.433228,0.1703809,0.40631245,0.0043649085,0.685543,0.00038474336,0.30186509,0.0024982003,0.14710286,0.0035233861,0.016192544,0.0088553335,2.028399,6.444641,14.398052,1,5.8904862,1.4500932,10.062914,1.0606946
3.775,0.01135263,10,0,2.4414063e-05,7.7204044e-05,0.03527832,0.0054192742,0.92939453,0.010911505,0.03527832,0.0054192742,2.4414063e-05,7.7204044e-05,0.070751953,0.011140353,3.8468497,0.0012117003,3.8443628,0.00097247849,0.76522585,0.0084021066,0.59618801,0.031286471,20.201319,0.11879972,0.24910165,0.0011597262,0.64081335,0.00019578102,0.17259357,0.0011206776,0.2759847,0.0048736184,0.099713403,0.0069559866,12.213605,6.753183,19772.194,1,6.7249718,4.7080605,11.682798,1.9270613
3.775,0.01235791,10,0,0,0,0.058642578,0.0043866876,0.88293457,0.0087249679,0.058203125,0.0043003877,0.00021972656,0.00018014277,0.11772461,0.008880367,3.8533294,0.0006633945,3.8497758,0.00091810068,0.72872309,0.0060418237,0.37988494,0.10462243,20.299324,0.10416983,0.25742986,0.0017168682,0.64185645,0.00010234756,0.1800568,0.0010664067,0.26385905,0.0044968324,0.078490824,0.0085175656,7.260713,6.718534,5850.6599,1,6.6758844,3.2894461,11.584623,1.645437
3.775,0.01305204,10,0,4.8828125e-05,0.00010293873,0.068017578,0.0047747371,0.86401367,0.0095890614,0.067724609,0.0047273426,0.0001953125,0.00022434975,0.13671875,0.0099190423,3.8569752,0.001253994,3.8530668,0.0013688355,0.71562996,0.0077649402,0.22726128,0.12304308,20.442178,0.084142518,0.2612889,0.002573736,0.64243831,0.0002006294,0.18372063,0.001839777,0.26030273,0.0060652616,0.075692629,0.0067036899,6.294727,6.761719,3810.7642,1,6.6758844,2.9035106,11.584623,1.6462944
3.775,0.01531428,10,0,0.00012207031,0.00012867341,0.093701172,0.0034137033,0.8125,0.0068310917,0.093408203,0.0032556152,0.00026855469,0.00033455086,0.18867187,0.0074982931,3.8686401,0.0010153556,3.863912,0.0011387505,0.67579696,0.0046433646,0.10781472,0.037552436,20.999643,0.10064644,0.27502853,0.0023933667,0.64431025,0.00016857058,0.19459925,0.0013719981,0.24353841,0.0031904086,0.049701673,0.0046283124,5.156821,6.711054,1310.408,1,6.626797,2.589129,11.486448,1.4575358
3.775,0.0182283,10,0,9.765625e-05,0.00012607368,0.10939941,0.0027172948,0.78134766,0.0052918415,0.10871582,0.0026119117,0.00043945313,0.00034140913,0.22026367,0.0054734467,3.8800275,0.00068520707,3.8748371,0.0009356112,0.64877233,0.0039784992,0.052127013,0.029434981,21.632295,0.061668671,0.28658511,0.0022648986,0.64612507,0.00010395211,0.20285724,0.0013606775,0.23361003,0.0044579058,0.034552234,0.0073331733,4.617404,6.725546,694.70058,1,6.5286222,2.4119988,11.388273,1.3644454
3.775,0.02445457,10,0,0.00041503906,0.00016478236,0.14047852,0.0050274266,0.71918945,0.010075908,0.13852539,0.0049557807,0.0013916016,0.00058740503,0.28623047,0.010771248,3.9024151,0.0017035528,3.8968814,0.002004052,0.60294584,0.0053229729,0.027953249,0.024958259,22.919174,0.15405899,0.30491519,0.0026543602,0.64967711,0.00027514078,0.21655383,0.0012252496,0.21438802,0.0034739596,0.01503465,0.0053881636,3.852906,6.646044,298.72493,1,6.5286222,2.177531,11.339186,1.2480117
3.775,0.03610087,10,0,0.00068359375,0.000277171,0.16481934,0.0045521298,0.67185059,0.0090974556,0.15910645,0.0043522056,0.0035400391,0.00073917245,0.34082031,0.010393753,3.9356339,0.0015935157,3.9296441,0.0021756308,0.56491616,0.0038201888,0.026387493,0.018554443,24.853713,0.14985034,0.32775893,0.001440039,0.65488136,0.00024590779,0.23346726,0.00080781716,0.19719238,0.0034126792,0.0063596244,0.0069462024,3.223061,6.671522,122.52569,1,6.5286222,1.9741554,11.191924,1.1691519
3.775,0.05356109,10,0,0.0024169922,0.00058060088,0.18989258,0.0033351988,0.61975098,0.0068671106,0.18120117,0.0041636138,0.0067382813,0.0010930425,0.40795898,0.0071512786,3.9757533,0.0016571986,3.9687136,0.0024646014,0.52970916,0.0056928781,0.018720567,0.0079712145,26.996418,0.1869885,0.34998379,0.0023925351,0.66105998,0.00026438045,0.25123089,0.0015841073,0.18204753,0.0026058615,0.0043755386,0.0073189223,2.851738,6.619805,60.681343,1,6.3813601,1.7774479,11.191924,1.114787
3.775,0.07946596,10,0,0.0052978516,0.0009353415,0.20991211,0.0045029075,0.57558594,0.0083097123,0.19804688,0.0044362292,0.011157227,0.0017831367,0.47475586,0.011036669,4.0260426,0.002171026,4.0185169,0.0027840161,0.49896439,0.0070673906,0.021397485,0.011724738,29.211893,0.20822251,0.37122163,0.0040396618,0.66864278,0.00035513517,0.26924364,0.0022103118,0.16836751,0.0023631264,0.0062898691,0.006642969,2.491136,6.675013,34.605372,1,6.2340979,1.6564629,10.5047,1.1002745
3.775,0.12396405,10,0,0.010253906,0.0014282169,0.23024902,0.007050974,0.52990723,0.012135888,0.20891113,0.0051030647,0.020678711,0.0018487821,0.56533203,0.016151542,4.0963925,0.0045604887,4.0854075,0.0050684373,0.46655266,0.0057125906,0.011563582,0.0063230344,31.796735,0.21287676,0.39579693,0.0035073959,0.67895043,0.00073781613,0.29100689,0.0021399601,0.15530599,0.0034469533,0.011305478,0.0050341176,2.174484,6.586679,19.178181,1,6.0868358,1.5178411,10.308351,1.0761806
3.775,0.13638536,10,0,0.013378906,0.0019558358,0.23391113,0.0062715054,0.51550293,0.012748022,0.21452637,0.0065469859,0.022680664,0.0018140669,0.59692383,0.019572236,4.1156861,0.0032163185,4.1053061,0.0041616312,0.4615354,0.0045283024,0.016900616,0.0072026481,32.50989,0.11726834,0.40258184,0.0024526552,0.68165187,0.00052151365,0.29704031,0.0023326322,0.1513265,0.0039592491,0.018556391,0.0071622774,2.127456,6.724572,16.912556,1,6.0868358,1.4952915,10.013827,1.0734275
3.8,0.00796442,10,0,0,0,0.036010742,0.0038520443,0.92800293,0.0077070538,0.035961914,0.003860288,2.4414063e-05,7.7204044e-05,0.072070312,0.0077004772,3.8482979,0.0010987095,3.8459238,0.0010889811,0.76067116,0.0060981885,0.59736339,0.029695547,20.332312,0.086847558,0.25101046,0.0019327488,0.64109872,0.00017805072,0.17335399,0.0014421352,0.27147624,0.0044198186,0.090032186,0.0076382515,11.211539,6.732747,16495.953,1,6.7249718,4.6822129,11.63371,1.7645318
3.8,0.00876128,10,0,2.4414063e-05,7.7204044e-05,0.060961914,0.0049153242,0.878125,0.0098767548,0.060766602,0.0049986928,0.00012207031,0.00017263349,0.12231445,0.009806906,3.854228,0.0010314016,3.8507672,0.00098711117,0.72099129,0.0071959164,0.24549923,0.10216225,20.329209,0.10997192,0.26190292,0.0023929329,0.64206001,0.00017252384,0.18272302,0.0017084747,0.25811361,0.0028138808,0.068439136,0.0072068658,6.387716,6.720322,6118.075,1,6.6758844,2.9963565,11.63371,1.6560837
3.8,0.00961925,10,0,4.8828125e-05,0.00015440809,0.071044922,0.0067196599,0.8579834,0.013637949,0.070703125,0.0070844732,0.00021972656,0.0002427805,0.14282227,0.01318711,3.859127,0.0011922049,3.8552727,0.0010473785,0.70658495,0.0099671482,0.20693611,0.1075179,20.56118,0.13536074,0.26634045,0.0025691019,0.64284974,0.00019922129,0.18657143,0.0021802896,0.25257975,0.0036481275,0.06157873,0.0063145851,6.060702,6.711375,3500.7767,1,6.6758844,2.9275822,11.437361,1.5618902
3.8,0.01157466,10,0,9.765625e-05,0.00012607368,0.091748047,0.0031577199,0.81657715,0.0060910789,0.091210938,0.0028615299,0.00036621094,0.00040281148,0.18481445,0.006612361,3.8691046,0.001087436,3.8649444,0.0011667436,0.67334332,0.0057984292,0.1093575,0.042540507,21.073353,0.075914398,0.27843807,0.0019615034,0.64444785,0.00017685653,0.19572364,0.00092587147,0.2398112,0.0039747473,0.041591757,0.007921183,4.817738,6.686652,1500.209,1,6.626797,2.5349581,11.535536,1.4338022
3.8,0.01365467,10,0,4.8828125e-05,0.00010293873,0.11105957,0.004232475,0.7784668,0.0083423248,0.10969238,0.0040265526,0.00073242188,0.00030449686,0.22387695,0.0087232599,3.8785964,0.00053318756,3.8739775,0.0009503323,0.64737851,0.0057478572,0.060590873,0.01980706,21.570981,0.11794514,0.2866881,0.0029308906,0.64596365,9.1242028e-05,0.20237398,0.0018167729,0.23256836,0.004080532,0.032996742,0.007403451,4.656185,6.724705,864.05441,1,6.626797,2.3953413,11.290099,1.3591369
3.8,0.01973598,10,0,0.000390625,0.00043368856,0.13601074,0.0047500534,0.72802734,0.0093143906,0.13435059,0.0044559659,0.0012207031,0.00092071195,0.27680664,0.010834148,3.9009827,0.0009484032,3.8956841,0.00081882992,0.60505875,0.0054193817,0.035228587,0.017304408,22.891407,0.12016489,0.30562354,0.0015378817,0.64952687,0.00014479928,0.21654743,0.0010268957,0.2155599,0.003782755,0.015362409,0.0069154866,3.847475,6.641391,321.76514,1,6.5777096,2.1634841,10.946487,1.2511212
3.8,0.03119342,10,0,0.00065917969,0.00038257354,0.16833496,0.0034009723,0.66494141,0.0064369636,0.16247559,0.0039855536,0.0035888672,0.00084611938,0.34780273,0.0046610332,3.9360673,0.00068251479,3.9307033,0.0013640741,0.56191869,0.0047482991,0.026094332,0.011262753,24.914334,0.10987303,0.32931027,0.0020063594,0.65503464,9.8949096e-05,0.23448425,0.0010450975,0.19535319,0.0029713993,0.0077724349,0.0057296544,3.283729,6.712753,129.71841,1,6.4795348,1.9534384,10.750137,1.1729841
3.8,0.04493352,10,0,0.0017333984,0.00055732076,0.18706055,0.0037625477,0.62644043,0.0069421181,0.17902832,0.0033653447,0.0057373047,0.0010180661,0.39609375,0.0082793714,3.9702751,0.00085560578,3.9638314,0.0017121959,0.53463724,0.0048528739,0.029117395,0.0098597254,26.756308,0.098329399,0.34651884,0.003358025,0.66034049,0.00014559848,0.24875834,0.0020142929,0.18409831,0.0047781264,0.0053118337,0.0064044718,2.911154,6.636748,69.834675,1,6.3813601,1.7970422,10.750137,1.1338135
3.8,0.08400365,10,0,0.0062011719,0.0011916019,0.21848145,0.0045038634,0.5597168,0.0056007087,0.20048828,0.0032791276,0.015112305,0.0020114251,0.50512695,0.0088438984,4.0494216,0.0031039204,4.0411172,0.0028075496,0.48728918,0.0030800855,0.01668931,0.0067445718,30.133138,0.16477143,0.3806372,0.0019937908,0.67225333,0.00047934443,0.27720938,0.0011367239,0.16326497,0.0035189138,0.010467914,0.0082673076,2.380831,6.579835,29.440476,1,6.1359232,1.6153983,10.357438,1.0870938
3.8,0.11665069,10,0,0.010253906,0.00094204402,0.23146973,0.0043921947,0.52661133,0.0084752711,0.21184082,0.0046778403,0.019824219,0.0020322253,0.56606445,0.013658402,4.0982828,0.0024427824,4.0904036,0.0040713476,0.46880335,0.0054731633,0.015537432,0.0082290643,32.000252,0.22795159,0.39661193,0.0034669416,0.67938652,0.00036823274,0.29165877,0.0018463702,0.15520833,0.0036609638,0.014642869,0.0065885759,2.149269,6.63787,19.336764,1,6.1359232,1.51776,10.112001,1.0812936
3.8,0.13345388,10,0,0.012402344,0.0016945853,0.23271484,0.0036788895,0.51955566,0.0059250716,0.21391602,0.0028209719,0.021411133,0.0013956172,0.58603516,0.011367158,4.1227806,0.0027759466,4.1124695,0.0057344767,0.46081003,0.003152842,0.013691829,0.007408403,32.801882,0.25166267,0.40221376,0.0024930538,0.68288648,0.00045174066,0.29703049,0.0016210522,0.15297852,0.0022273016,0.019675812,0.0060584343,2.088099,6.631578,16.386297,1,6.0868358,1.4755033,10.357438,1.0651742
3.815,0.00526263,10,0,0,0,0.026025391,0.0055340935,0.94797363,0.011059597,0.025976563,0.0055185143,2.4414063e-05,7.7204044e-05,0.052099609,0.01108696,3.8454339,0.0010410649,3.843761,0.001006737,0.77345435,0.0084184589,0.6397945,0.044649708,20.286765,0.10572338,0.2497426,0.0023049175,0.64068606,0.00017121425,0.17107599,0.0019246537,0.27648112,0.0049712584,0.094448862,0.0082535497,11.316685,6.756045,50178.741,1,6.7249718,4.3655219,11.63371,2.0468349
3.815,0.0060978,10,0,0,0,0.04440918,0.0088957539,0.91132813,0.017790391,0.044116211,0.0088984337,0.00014648437,0.00017070457,0.089111328,0.017798653,3.8507877,0.0010337327,3.8481171,0.00093834024,0.74490782,0.011627355,0.49101469,0.1029752,20.395804,0.16229779,0.25657261,0.0027680061,0.64154703,0.00017053038,0.17784094,0.0021417944,0.26743164,0.004515082,0.07885035,0.0072494838,7.200332,6.762266,12479.649,1,6.6758844,3.2316574,11.63371,1.8195224
3.815,0.0068171315,10,0,0,0,0.056860352,0.0087152466,0.88649902,0.017346569,0.056420898,0.0085541787,0.00021972656,0.00021376832,0.11416016,0.01760493,3.854898,0.001206322,3.851887,0.0010874909,0.72498103,0.012579245,0.40254989,0.082929816,20.527151,0.14068906,0.26118778,0.002889726,0.64220546,0.00019984669,0.1817088,0.0024025775,0.26015625,0.0042259938,0.070374788,0.0072087206,6.768867,6.696136,7963.4914,1,6.6758844,3.2056781,11.63371,1.6577078
3.815,0.00829312,10,0,9.765625e-05,0.00017070457,0.083642578,0.0062214091,0.83259277,0.012446144,0.083496094,0.0062297068,0.00017089844,0.00020099429,0.16821289,0.012498156,3.8639453,0.00080987696,3.8600524,0.00092700092,0.68531235,0.0080767926,0.1192764,0.080337522,20.775207,0.099375068,0.27296835,0.0030965816,0.64366331,0.00013334213,0.19169437,0.0023625283,0.24631348,0.0034252916,0.050055243,0.0069740431,5.583519,6.764213,2568.0747,1,6.626797,2.7587471,11.388273,1.45622
3.815,0.00881879,10,0,4.8828125e-05,0.00010293873,0.091601562,0.003811514,0.81716309,0.0075823037,0.090673828,0.0038104713,0.00051269531,0.00035379338,0.18452148,0.007677221,3.867352,0.00083527408,3.8630922,0.00081386088,0.6733543,0.0058576554,0.097592764,0.044627722,20.928846,0.099822844,0.27737411,0.0013782155,0.64421451,0.00013338036,0.19491174,0.0010842201,0.24231771,0.0032243638,0.04238503,0.0065292886,5.184756,6.719014,1974.9067,1,6.626797,2.6337643,11.437361,1.4439195
3.815,0.01273808,10,0,0.00014648437,0.00020587745,0.11655273,0.0048023977,0.76699219,0.0095108364,0.11577148,0.0047907997,0.00053710938,0.00053735593,0.23505859,0.0096789776,3.8849535,0.0010769603,3.8801176,0.0010176394,0.63492949,0.0054093089,0.051391066,0.028929773,21.988384,0.094782703,0.29321182,0.0023955607,0.64703165,0.0001721394,0.20692546,0.001518182,0.22521973,0.0039267766,0.02464199,0.0064592536,4.277244,6.720669,706.44485,1,6.5286222,2.2913036,11.093749,1.309227
3.815,0.02008463,10,0,0.00056152344,0.00025863035,0.14831543,0.0022175173,0.7036377,0.0050395971,0.14553223,0.0030241262,0.001953125,0.00052740403,0.30390625,0.0050492468,3.9120665,0.0013648411,3.9066119,0.0019681559,0.58887098,0.0020715694,0.034566306,0.015858209,23.575329,0.12661121,0.31399867,0.0015607626,0.65132249,0.00022157921,0.22307651,0.0011570096,0.20804036,0.003420164,0.011324072,0.0056136064,3.631867,6.669281,250.7929,1,6.4795348,2.0888031,10.8974,1.2123887
3.815,0.03205711,10,0,0.0011230469,0.00056616299,0.17387695,0.0035450399,0.65292969,0.0069951011,0.16804199,0.0039181845,0.0040283203,0.00085546045,0.36264648,0.0073081058,3.9474994,0.0014115848,3.9415788,0.0016191145,0.55012049,0.0045284692,0.022640255,0.014430641,25.546543,0.15844315,0.33698057,0.0012821405,0.6568696,0.00023596777,0.24027106,0.001411659,0.1917806,0.0039657396,0.0041405213,0.0051240813,3.153081,6.640337,108.31471,1,6.4304475,1.8844417,10.8974,1.1519673
3.815,0.05607261,10,0,0.0033447266,0.00083825565,0.20222168,0.0043522056,0.59399414,0.0069768995,0.19204102,0.0040628208,0.0083984375,0.0015492193,0.44160156,0.0072137943,4.0029204,0.0013938156,3.9957021,0.0032156445,0.5106594,0.0040983518,0.013048878,0.0059872377,28.336733,0.21281763,0.36309498,0.0020091364,0.66537822,0.00022875725,0.26178034,0.0010527107,0.17436523,0.003956637,0.0083013168,0.0072582696,2.672109,6.671832,46.70945,1,6.3813601,1.7082152,10.553788,1.1131177
3.815,0.09749689,10,0,0.0080566406,0.001234192,0.22697754,0.0044126537,0.53942871,0.0087059709,0.2083252,0.0047648095,0.017211914,0.0013918157,0.53808594,0.012303223,4.0781124,0.0018576532,4.0683675,0.0030007219,0.47399327,0.0033785431,0.017859744,0.0078057746,31.303672,0.11886334,0.38884068,0.0030409113,0.67658359,0.00028476696,0.28533936,0.0014945663,0.15906576,0.0045768198,0.012891553,0.0054694356,2.245749,6.667212,22.967919,1,6.1850105,1.5623202,10.455613,1.0767118
3.815,0.10562311,10,0,0.0092529297,0.0017734538,0.22912598,0.0051459712,0.53378906,0.0083708554,0.20849609,0.0027573363,0.019335938,0.0017970106,0.55429688,0.014964756,4.0902141,0.0024992334,4.0818461,0.0051323077,0.47176747,0.0036968261,0.013658329,0.0071474047,31.715591,0.23441967,0.39414888,0.0042940942,0.67828536,0.00045271601,0.28939084,0.0024922299,0.15596517,0.002366798,0.015822199,0.0060004583,2.222353,6.526177,20.314693,1,6.1850105,1.5441905,10.406526,1.0872187
3.815,0.12622191,10,0,0.011914062,0.0015085002,0.2354248,0.0043445905,0.51660156,0.0072167315,0.21347656,0.0053180581,0.022583008,0.0017652191,0.58994141,0.0082569436,4.1221368,0.0033072076,4.1130532,0.0047910204,0.45998345,0.002769355,0.012113929,0.0077549714,32.81962,0.17334333,0.40345178,0.0025431282,0.68287598,0.00050066454,0.29798032,0.001929497,0.1494222,0.0027464933,0.016178735,0.0056589029,2.079368,6.607182,17.831224,1,6.0377484,1.4821489,10.308351,1.0620642
3.825,0.00260712,10,0,0,0,0.011010742,0.003058965,0.97797852,0.00611793,0.011010742,0.003058965,0,0,0.022021484,0.00611793,3.8391556,0.00042139129,3.838539,0.00045462672,0.79408555,0.0052729119,0.71542915,0.012895893,20.061282,0.088496647,0.2474096,0.0019104095,0.63971584,6.9452071e-05,0.16694832,0.0012568968,0.278125,0.0041989874,0.096007358,0.0056319647,16.945252,6.746325,519450.11,0,6.7249718,6.579488,11.731885,2.1193901
3.825,0.00487453,10,0,0,0,0.053051758,0.005350153,0.89401855,0.010715923,0.052807617,0.005389619,0.00012207031,0.00017263349,0.10634766,0.010677381,3.8531154,0.00066080279,3.8502558,0.00094931184,0.72824836,0.0067703779,0.39949169,0.12180395,20.427054,0.15071397,0.26178912,0.0011365011,0.64195435,0.00010750167,0.18152268,0.00095010183,0.25911458,0.0047747679,0.065602816,0.0052224059,nan,nan,nan,nan,nan,nan,nan,nan
3.825,0.0057681,10,0,0,0,0.071386719,0.0052352211,0.85737305,0.010414632,0.07109375,0.0051273406,0.00014648437,0.00012607368,0.14306641,0.010585685,3.8587945,0.0006908636,3.8555196,0.00058405067,0.69968758,0.0075929771,0.16455242,0.082035241,20.556287,0.065569162,0.27036002,0.0023803623,0.64287195,0.00011093229,0.18820412,0.0015330426,0.24723307,0.004988075,0.049961134,0.0078783459,6.015822,6.688002,4947.8694,1,6.6758844,2.9392011,11.486448,1.5692922
3.825,0.00687376,10,0,0,0,0.08605957,0.0075716401,0.82807617,0.015098079,0.085668945,0.0074882617,0.0001953125,0.00019258072,0.17250977,0.015240582,3.8652449,0.0011338109,3.8616722,0.00095136205,0.68104386,0.0086806858,0.11831107,0.057831152,20.893187,0.12078253,0.2756298,0.0027362889,0.64390607,0.00018331181,0.19310887,0.0018993268,0.24339193,0.0036176938,0.042910012,0.0066928996,5.417227,6.719363,2791.3926,1,6.6758844,2.6572635,11.535536,1.461156
3.825,0.0085038,10,0,2.4414063e-05,7.7204044e-05,0.1029541,0.0028979811,0.79443359,0.0058082897,0.10217285,0.0029639606,0.00041503906,0.00016478236,0.20688477,0.0057130993,3.873524,0.00091270534,3.8693654,0.00059963372,0.65502038,0.004448494,0.055424953,0.023698309,21.232314,0.15635508,0.28510276,0.0017970462,0.64523829,0.0001490012,0.20038419,0.0016656334,0.23312174,0.0054154641,0.03043459,0.0060034118,4.679299,6.715346,1408.1063,1,6.626797,2.4790082,11.241011,1.3646553
3.825,0.01083597,10,0,7.3242187e-05,0.00011793113,0.1182373,0.0024658337,0.76386719,0.0046118962,0.11726074,0.0019566821,0.00056152344,0.00030558241,0.23803711,0.0053103314,3.8839392,0.00072442631,3.8792518,0.00090629822,0.632731,0.0029108791,0.04321742,0.019114272,21.919136,0.069748648,0.29319271,0.0026562014,0.64689376,0.00012142771,0.20668404,0.0013757972,0.225236,0.0033081386,0.022532017,0.0043435678,4.371745,6.722995,787.08991,1,6.5777096,2.3801841,11.142836,1.3239297
3.825,0.01691592,10,0,0.000390625,0.00036756477,0.14665527,0.0025031526,0.70688477,0.0042164059,0.14470215,0.0017111144,0.0013671875,0.00061116482,0.29838867,0.0053063391,3.9083252,0.00089668924,3.9032987,0.0014921679,0.59141671,0.0025931281,0.034888113,0.0095022419,23.340371,0.11801896,0.31212952,0.0037599732,0.65077163,0.00014331268,0.22139157,0.0017589619,0.2084554,0.0048195974,0.0056873873,0.0080701168,3.749935,6.673596,295.4212,1,6.5286222,2.1834158,11.142836,1.2485437
3.825,0.02759231,10,0,0.0010986328,0.00041893026,0.16916504,0.0038523881,0.66220703,0.0076186828,0.1637207,0.0044083742,0.0038085937,0.00083943991,0.35263672,0.0070225037,3.942234,0.0014864222,3.9366096,0.0018856303,0.55542629,0.0059510676,0.026706428,0.015027006,25.355899,0.13578327,0.33404659,0.0029663808,0.65610087,0.00025303693,0.23788439,0.001540175,0.19193522,0.0041311534,0.0025541152,0.005989161,3.170657,6.641619,126.6911,1,6.3813601,1.9480559,10.995574,1.1807703
3.825,0.04506436,10,0,0.0025390625,0.00081542806,0.19309082,0.005029073,0.61379395,0.0085060422,0.18303223,0.0036084575,0.0075439453,0.0019681564,0.41669922,0.012828577,3.9862209,0.0016263418,3.9800432,0.0016109461,0.52144574,0.0045246989,0.01299485,0.01053836,27.533886,0.15575163,0.3558139,0.0024519663,0.66289736,0.0002499102,0.2557855,0.0016626911,0.17787272,0.0029434821,0.0032981623,0.0035261848,2.783141,6.633744,59.328314,1,6.3322727,1.7550728,10.651963,1.1096178
3.825,0.06529403,10,0,0.0049804687,0.0010685317,0.2083252,0.0024060207,0.57932129,0.0057962479,0.19658203,0.0040261414,0.010791016,0.0013411695,0.46860352,0.0083850843,4.0276037,0.0018821067,4.0206332,0.0021828028,0.49902907,0.0039388652,0.017325702,0.0085582326,29.400044,0.12028893,0.37404406,0.0023318005,0.66915163,0.00028295498,0.27045104,0.0014621951,0.16777344,0.0039381818,0.0073741904,0.0065149933,2.496928,6.63041,35.922007,1,6.2831853,1.6430177,10.455613,1.090789
3.825,0.10321059,10,0,0.0098388672,0.0015183462,0.22912598,0.0021844182,0.53112793,0.0058912189,0.21159668,0.0061408903,0.018310547,0.0029989463,0.55625,0.013188215,4.0939053,0.0015550027,4.0863833,0.002790353,0.46973512,0.0039557797,0.010711386,0.0043728486,31.925965,0.13356881,0.39623128,0.0039054898,0.67894835,0.00019183789,0.29051193,0.0023094005,0.15397135,0.0027251233,0.012298843,0.004344981,2.230898,6.521315,21.465449,1,6.2340979,1.5281801,10.161089,1.0790608
3.825,0.12355752,10,0,0.011865234,0.0010434453,0.2338623,0.0041710036,0.51977539,0.0063361692,0.21191406,0.0036211907,0.022583008,0.0033021718,0.58662109,0.016944602,4.1231271,0.003700061,4.1135199,0.0050297821,0.46005155,0.0042693886,0.011648956,0.0063792442,32.795527,0.13108417,0.40298548,0.0021607737,0.6830104,0.00057779441,0.29723656,0.0012296778,0.14981283,0.0025693043,0.016391553,0.0054773529,2.137247,6.627609,17.703763,1,6.0868358,1.4866103,10.161089,1.0694204
3.85,0.00163685,10,0,0,0,0.06328125,0.0041107881,0.87348633,0.008214807,0.063183594,0.0041011104,4.8828125e-05,0.00010293873,0.12666016,0.0082389574,3.8579892,0.00039820711,3.8559074,0.00050967157,0.69919937,0.0065506682,0.28342211,0.088085245,20.73238,0.09787403,0.27753726,0.0019664644,0.64287233,6.5929447e-05,0.19056879,0.0011820417,0.24047038,0.0049378782,0.02782152,0.0056981125,6.388897,6.76048,17823.414,1,6.7249718,2.9022338,11.486448,1.4486137
3.85,0.00227471,10,0,0,0,0.073217773,0.0042589926,0.85371094,0.0085559979,0.072924805,0.0043445905,0.00014648437,0.00017070457,0.14672852,0.008451796,3.8615363,0.00061012786,3.8589475,0.00063623966,0.68557466,0.0050574171,0.15357071,0.094808998,20.836556,0.10842819,0.28028541,0.0017789016,0.64343103,0.00010197268,0.1931816,0.001205444,0.23573405,0.0047616579,0.025093293,0.0096501161,5.944629,6.754863,8977.8206,1,6.6758844,2.8523558,11.486448,1.4040247
3.85,0.0025044372,10,0,2.4414063e-05,7.7204044e-05,0.077124023,0.00478755,0.84584961,0.0095337878,0.076831055,0.004700438,0.00017089844,0.00025863035,0.15473633,0.0097587052,3.8630463,0.00053576548,3.8603541,0.00055362269,0.68267802,0.0063892974,0.19773239,0.087351882,20.937162,0.10585041,0.28044696,0.0015242783,0.6436691,8.9662606e-05,0.19384153,0.0011496352,0.23508301,0.0023170902,0.02632951,0.0040643275,5.4828,6.708281,7166.1147,1,6.6758844,2.7723505,11.584623,1.4024264
3.85,0.00373261,10,0,2.4414063e-05,7.7204044e-05,0.094726562,0.0067255708,0.81066895,0.013391063,0.094384766,0.0066505109,0.0001953125,0.00032142607,0.18999023,0.013532528,3.8698862,0.00056753424,3.8665504,0.00066381131,0.65966275,0.0068167354,0.10849596,0.032401334,21.244708,0.10083169,0.28650306,0.0024992948,0.64475771,9.2650612e-05,0.19948088,0.0016570726,0.2293457,0.0054415719,0.019856299,0.0072438067,4.997061,6.742341,2827.9091,1,6.626797,2.5569376,11.486448,1.3501315
3.85,0.00476227,10,0,2.4414063e-05,7.7204044e-05,0.10385742,0.0030475774,0.79260254,0.0061819505,0.103125,0.0031354095,0.000390625,0.00023586225,0.20864258,0.0062954837,3.8753571,0.00086427346,3.8719611,0.00092758726,0.64672771,0.0047133976,0.05861127,0.019928796,21.485059,0.09244853,0.29069118,0.0024026952,0.64562652,0.00014069687,0.20300359,0.0012719023,0.22574056,0.0035982468,0.015032929,0.0070892272,4.559114,6.736637,1779.9815,1,6.626797,2.4670597,11.339186,1.3500467
3.85,0.00826466,10,0,0.00017089844,0.00016478236,0.12490234,0.003692187,0.75056152,0.007448001,0.12348633,0.0040228502,0.00087890625,0.00038516144,0.25258789,0.006870919,3.8913746,0.00090769114,3.886923,0.00077088558,0.61782126,0.0051153567,0.055985177,0.020322267,22.41956,0.09131586,0.30189901,0.0017758176,0.64817517,0.00015164676,0.21253002,0.0012184605,0.21706543,0.0041994869,0.012976609,0.0070532669,4.064954,6.739219,677.78857,1,6.5286222,2.2722407,11.093749,1.2513031
3.85,0.01212699,10,0,0.00029296875,0.00022434975,0.14213867,0.0034828447,0.71628418,0.0069440259,0.13984375,0.0035710986,0.0014404297,0.00072286517,0.28891602,0.0075715964,3.9078491,0.0010004692,3.9028084,0.0013053615,0.59345584,0.002892536,0.037925562,0.018520348,23.428831,0.11131758,0.3140493,0.0021841689,0.65078778,0.00016538345,0.22191433,0.0012075982,0.20812988,0.005183585,0.008366331,0.0072020045,3.70742,6.632506,356.26903,1,6.4795348,2.1312858,11.044662,1.2101865
3.85,0.0239427,10,0,0.0010253906,0.000638718,0.17268066,0.0036883285,0.65566406,0.006796295,0.16652832,0.003568594,0.0041015625,0.00057313857,0.3597168,0.0066634441,3.9475252,0.0020945054,3.9422191,0.0019576746,0.54869086,0.0037138642,0.028772652,0.015985203,25.642747,0.079135262,0.33825196,0.0026705596,0.65703753,0.00033490761,0.24066868,0.0015081263,0.18992513,0.0046087997,0.0018716942,0.0070323388,3.109688,6.632303,123.83798,1,6.4304475,1.9483809,10.750137,1.1499855
3.85,0.04100738,10,0,0.0029296875,0.00079735994,0.19785156,0.0055912408,0.60324707,0.010841267,0.18823242,0.0047144363,0.0077392578,0.0014514452,0.42875977,0.014663711,3.9913275,0.0017963912,3.9848583,0.002483504,0.51591059,0.0044389942,0.016705351,0.0072157377,27.809107,0.14794119,0.35771924,0.0021891988,0.66380347,0.00029807374,0.25778948,0.0016668466,0.17670085,0.0036440911,0.0017263222,0.0039696155,2.798184,6.620586,57.696074,1,6.3322727,1.761956,10.750137,1.1018409
3.85,0.0636712,10,0,0.0050537109,0.0010551219,0.21611328,0.0042626453,0.56557617,0.0079920171,0.20043945,0.0036774491,0.012817383,0.0014704843,0.48876953,0.012223296,4.0402529,0.0019791865,4.0337809,0.0036085967,0.4896496,0.0041437927,0.016987581,0.0064223171,29.926836,0.13848544,0.38017925,0.0025990211,0.67122459,0.00029706337,0.27535826,0.0011838628,0.16292318,0.0030743102,0.0081488655,0.0065336056,2.444478,6.721914,33.236141,1,6.1359232,1.6186444,10.602875,1.0894393
3.85,0.0988608,10,0,0.010375977,0.0014523574,0.22756348,0.004252768,0.53376465,0.0080224954,0.20874023,0.0048610627,0.019555664,0.0015113512,0.55834961,0.011463349,4.0989097,0.002231587,4.0916454,0.0036761337,0.46690248,0.0048018692,0.012259772,0.0064992219,32.129028,0.22367595,0.3975028,0.0019896553,0.67980881,0.00035240713,0.29160981,0.001228422,0.15303548,0.0032919052,0.018196294,0.0065804691,2.182431,6.541668,21.520207,1,6.1359232,1.5086877,10.112001,1.0596812
3.85,0.11421505,10,0,0.010302734,0.001622714,0.23554687,0.0043059283,0.52133789,0.0092087019,0.21005859,0.0064677557,0.022753906,0.0023887552,0.58076172,0.013782261,4.1241126,0.003580496,4.1176945,0.0054866229,0.45989427,0.0043379966,0.012304838,0.007112099,32.970109,0.21489212,0.40546015,0.0045731035,0.68349539,0.00054725882,0.29879966,0.0024815657,0.15014648,0.0025990754,0.012993239,0.0050511757,2.088575,6.45498,17.842411,1,5.9395736,1.4780039,10.210176,1.0737034
