p0,T_voronoi,mean_q,T_vertex,how,tau_voronoi,tau_vertex,tau_ratio_v_over_V
3.75,0.0096,3.788348643714286,,q_outside_vertex,7197.07876080598,,
3.75,0.0105,3.7914929289374997,,q_outside_vertex,2655.025680274773,,
3.75,0.011,3.7940949131868127,,q_outside_vertex,1311.405074775784,,
3.75,0.0115,3.7974532226629214,,q_outside_vertex,913.2265518556721,,
3.75,0.012,3.79903720252809,,q_outside_vertex,622.3030392633742,,
3.75,0.013,3.8044703110561793,,q_outside_vertex,243.7109584399479,,
3.75,0.014,3.810449934191011,,q_outside_vertex,175.2063718259274,,
3.75,0.016,3.81676377377528,,q_outside_vertex,65.05251101056447,,
3.75,0.02,3.828666776505618,0.01104255356460831,interp_T_nonmonotone,25.46127231329132,71003.93967147554,2788.703517946744
3.75,0.025,3.838962372573034,0.0131008171051635,interp_T_nonmonotone,13.32342057517295,14625.43998956899,1097.7241097396745
3.75,0.03105,3.849883514157303,0.014940770362239937,interp_T_nonmonotone,8.229903335418154,5444.538578402912,661.5555926364085
3.75,0.039,3.8613552738314607,0.017458666000517837,interp_T_nonmonotone,4.287542146945071,1324.516070709362,308.92199430694734
3.75,0.063,3.888925450752809,0.025142254812634962,interp_T_nonmonotone,1.926290050099505,318.1495294839059,165.16179869561776
3.775,0.0054,3.7920370705809523,,q_outside_vertex,8665.801909860707,,
3.775,0.0056,3.7936267029117645,,q_outside_vertex,7227.75083967605,,
3.775,0.0063,3.796974314364583,,q_outside_vertex,2856.371850023293,,
3.775,0.007,3.799646487536842,,q_outside_vertex,1380.498313664743,,
3.775,0.0075,3.802657713021053,,q_outside_vertex,742.093995695809,,
3.775,0.008,3.8054117250898885,,q_outside_vertex,530.794939576096,,
3.775,0.009,3.8106606800561797,,q_outside_vertex,215.0502631891484,,
3.775,0.01,3.8148123092022472,,q_outside_vertex,134.4673617873331,,
3.775,0.012,3.8215143729213485,,q_outside_vertex,63.67532549552178,,
3.775,0.016,3.83333737964045,0.008559424458265527,interp_T_nonmonotone,23.32285883787096,35814.71734652547,1535.6058018226565
3.775,0.02,3.842086953741573,0.010233189500096844,interp_T_nonmonotone,12.90859889256897,43103.859876533956,3339.15866743271
3.775,0.025,3.8517663760898873,0.012146476812151428,interp_T_nonmonotone,7.154118682571008,6696.147909379148,935.9850187686183
3.775,0.03105,3.8618139238314604,0.01396529485854359,interp_T_nonmonotone,4.692869734543438,1362.0676034837616,290.2419373497217
3.8,0.0016,3.802534173419047,,q_outside_vertex,44857.43365079655,,
3.8,0.0018,3.8030734362666667,,q_outside_vertex,20354.12033883563,,
3.8,0.002,3.8040626283238095,,q_outside_vertex,13357.57776429996,,
3.8,0.0031,3.8083216315851063,,q_outside_vertex,1423.112663806807,,
3.8,0.00385,3.8119525419550566,,q_outside_vertex,550.157473723199,,
3.8,0.005,3.81708873341573,,q_outside_vertex,225.1106579843973,,
3.8,0.0063,3.821944999280899,,q_outside_vertex,113.7016162386507,,
3.8,0.008,3.8273452403146075,,q_outside_vertex,61.57546102366048,,
3.8,0.01,3.8337402516404495,0.005130938478909393,interp_T_nonmonotone,38.70700460286636,32557.245758955127,841.1202595755542
3.8,0.016,3.8487837847977526,0.008008358588701994,interp_T_nonmonotone,13.32673763266526,10576.797996031413,793.6524517528243
3.8,0.025,3.8652553296629213,0.01075261351833157,interp_T_nonmonotone,5.532245798634841,1248.375100331898,225.65430853414938
3.8,0.03105,3.8746049390224715,0.01278551085248674,interp_T_nonmonotone,3.926947303972556,683.3245007826768,174.00908336391882
3.8,0.039,3.885002408752809,0.015322319443991725,interp_T_nonmonotone,2.764809517861429,397.1286384548222,143.6368892284485
3.8,0.063,3.9095986286516853,0.02237951809083524,interp_T_nonmonotone,0.8123588919200075,159.82907404819218,196.74687584256841
3.815,0.00067,3.8153703849238094,,q_outside_vertex,39867.66555424012,,
3.815,0.0008,3.815665359914286,,q_outside_vertex,25243.92624307873,,
3.815,0.001,3.8161595632857144,,q_outside_vertex,9590.437074312706,,
3.815,0.0012,3.8168661010380958,,q_outside_vertex,4554.685221673389,,
3.815,0.0015,3.81791052517,,q_outside_vertex,1783.428986975867,,
3.815,0.0022,3.820803225322917,,q_outside_vertex,473.6304664843519,,
3.815,0.0028,3.8226114397865167,,q_outside_vertex,245.2452836100766,,
3.815,0.00385,3.8263819715168537,,q_outside_vertex,123.0056537350757,,
3.815,0.005,3.830387236224719,,q_outside_vertex,63.18591917732393,,
3.815,0.0063,3.834521593337078,0.003220437261709902,interp_T,40.53126014447913,65525.17918148081,1616.6578326927784
3.815,0.01,3.8447303791573035,0.004814576217328022,interp_T,17.38966390729475,13913.044485299379,800.075525293104
3.815,0.025,3.8739919613146068,0.010458994036062246,interp_T,3.497855621381444,815.1118733335309,233.03188054731956
3.815,0.063,3.9155447010561795,0.021238647221413224,interp_T,0.8746718197576249,158.26367692344337,180.94063778949558
3.825,0.0001,3.8251064811523814,,q_outside_vertex,156386.9286890837,,
3.825,0.00014,3.825091099647619,,q_outside_vertex,122939.8395667507,,
3.825,0.00018,3.825142850142856,,q_outside_vertex,83145.15015129189,,
3.825,0.00025,3.8250924863238094,,q_outside_vertex,52515.65773826642,,
3.825,0.00033,3.8250498067142855,,q_outside_vertex,27763.33086090322,,
3.825,0.0013,3.827588358977528,,q_outside_vertex,527.2943294482769,,
3.825,0.0015,3.828366429247191,,q_outside_vertex,477.7855851529326,,
3.825,0.002,3.8297441870112356,,q_outside_vertex,249.9876019248945,,
3.825,0.0022,3.830458717022472,,q_outside_vertex,191.1388688466946,,
3.825,0.0025,3.831525919910112,,q_outside_vertex,170.2691062946824,,
3.825,0.0031,3.833250510179775,,q_outside_vertex,116.9611974915523,,
3.825,0.00385,3.8358726877528095,0.0019136786725539555,interp_T_nonmonotone,85.98952898577276,72092.23714030019,838.3839054663048
3.825,0.005,3.839087891269663,0.002447806726674381,interp_T_nonmonotone,53.82663082998007,43080.46350839435,800.3559361623583
3.825,0.0063,3.843030358573034,0.00311262797804356,interp_T_nonmonotone,38.93262330160253,20539.630583110917,527.5686260336192
3.825,0.008,3.84728713052809,0.003833878216118098,interp_T_nonmonotone,26.7057065030922,11168.01704468373,418.18841390287156
3.825,0.01,3.8520475985056177,0.004701781000305612,interp_T_nonmonotone,18.62429236287473,9496.746975276405,509.91182860762103
3.825,0.016,3.864660648797753,0.006857940165576818,interp_T_nonmonotone,8.175170221727768,1724.6290124653474,210.95940092864004
3.825,0.03105,3.8879225991460675,0.011802496865042596,interp_T_nonmonotone,2.958250485864885,404.70336401973253,136.80496832620716
3.825,0.039,3.897356031359551,0.014145490339431861,interp_T_nonmonotone,2.289574011305053,275.0335418770772,120.12432903197944
3.825,0.063,3.920450050910112,0.020786123292813208,interp_T_nonmonotone,0.7900326516170211,137.73343166888588,174.3389104070271
3.85,0.00018,3.8502289139166663,,q_outside_vertex,2304.613440869596,,
3.85,0.00033,3.8504233884606744,,q_outside_vertex,928.9141411257335,,
3.85,0.0005,3.85071916788764,,q_outside_vertex,469.9966551958508,,
3.85,0.00067,3.850937965932584,,q_outside_vertex,318.2288353798615,,
3.85,0.001,3.851627324449438,,q_outside_vertex,184.8389219330216,,
3.85,0.002,3.8537922135842697,0.000837023781024402,interp_T,70.26110474336024,29121.85092724691,414.4804018328357
3.85,0.0025,3.8549467449550567,0.0010555442177931037,interp_T,52.13604938957775,21679.370589064896,415.82304073462666
3.85,0.00385,3.858229542853932,0.0016745927070637443,interp_T,33.47216517177899,10247.45908942361,306.1486771720234
3.85,0.005,3.860484308303371,0.0020687410194895,interp_T,23.06915604814413,5417.33136432698,234.8300628346044
3.85,0.01,3.871310278752809,0.003997035406919952,interp_T,8.869681254159824,1666.0209813540018,187.83324153533124
3.85,0.016,3.8817571018202246,0.00606676472407195,interp_T,5.598944530254805,780.728002785438,139.44199635603596
3.85,0.039,3.911386889786517,0.0129201871905505,interp_T,1.183304528159174,213.93424905549838,180.79390720181598
