model,p0,T,mean_A,std_A,skew_A,kurt_A,mean_P,std_P,skew_P,kurt_P,median_ell,f_ell_lt_T1,n_cells,n_ell,n_frames
vertex,3.75,0.1507937,1.0000000000009643,0.16272404669450227,-0.021483903436268378,0.0853440504839722,4.092517689301422,0.25132009615474765,-0.027199636271112316,-0.01085313726503312,0.68001138335,0.0,32768,98304,8
vertex,3.75,0.09518981,1.0000000000018219,0.1292030974573979,-0.017432194857825274,0.11012602417541562,4.024131602244476,0.198905626944513,-0.014117031597185272,0.08428823440712208,0.6718155829000001,0.0,32768,98304,8
vertex,3.75,0.05939491,1.000000000000644,0.10224492437792544,-0.026637235503111784,0.11049072839773455,3.9644537961591184,0.15631442424012518,-0.01497089839591701,0.05315981670959147,0.6649559033500001,0.0,32768,98304,8
vertex,3.75,0.03830322,0.9999999999987244,0.08134620704534323,-0.05355308531971768,0.0669407939944171,3.9211762416148375,0.12436539570562931,-0.0072715359218752905,-0.039042419761500025,0.6573785145,0.0,32768,98304,8
vertex,3.75,0.02871607,1.0000000000013518,0.07126121867371109,-0.06047287253368732,0.088605650652398,3.8958160167419433,0.10797980504686167,0.000823482443842569,0.01939298042107218,0.6532462370000001,0.0,32768,98304,8
vertex,3.75,0.021317,1.000000000000067,0.06124713792259563,-0.11213291594192194,0.057696111543457995,3.8728015431925353,0.09293515318871727,-0.0038560948643598745,0.01380919558921434,0.6501678639499999,0.0,32768,98304,8
vertex,3.75,0.01750172,0.9999999999996063,0.05526312998593552,-0.15198470846120668,0.0831798147214573,3.8586955744744262,0.0838731530028866,-0.027678881924460767,-0.01286638727219147,0.6476182975,0.0,32768,98304,8
vertex,3.75,0.0173726,1.0000000000008757,0.05496391279044185,-0.12352098948352919,0.11295343011433845,3.858314964685364,0.08318082439387961,0.0031526038734794974,-0.02120990355119723,0.64673005825,0.0,32768,98304,8
vertex,3.75,0.01593991,1.000000000001175,0.05270375990731007,-0.12881481547503418,0.12491325024370736,3.851155874459137,0.08013814049901355,-0.010440119346581173,0.0023222538040221785,0.6456410018500001,0.0,32768,98304,8
vertex,3.75,0.01513379,1.0000000000012328,0.05121484304137129,-0.13852206477003556,0.1512207416920357,3.8483759556739194,0.07752348329834699,-0.004208660302284627,-0.001446846711317118,0.6462098967500001,0.0,32768,98304,8
vertex,3.75,0.01479003,0.9999999999999605,0.04970568666976577,-0.1329322814132844,0.10521964541040196,3.84307013391333,0.07723751352344053,-0.0008909646220773924,0.0006774442090451416,0.64476236685,0.0,32768,98304,8
vertex,3.75,0.01454034,0.9999999999999512,0.04984339662098581,-0.133988218922917,0.0680677448335012,3.8442943265896607,0.07585390524918761,0.01566976499996054,0.037441411822647375,0.6446776497,0.0,32768,98304,8
vertex,3.75,0.01379935,0.9999999999977662,0.04775819402756956,-0.13070204106876745,0.1243974817584208,3.83895648179184,0.07399422256613399,0.0066820336785549566,-0.027124062844105623,0.6435546722500001,0.0,32768,98304,8
vertex,3.75,0.01345518,1.000000000000763,0.047550275332378836,-0.14257528960806348,0.09235963521542434,3.838910625277771,0.07357190141469903,-0.012994435698597403,0.014083367106362488,0.64364167575,0.0,32768,98304,8
vertex,3.75,0.01243609,1.000000000001758,0.04565246591390012,-0.13774052923422353,0.07149962324906722,3.834809874147736,0.0705105877214335,-0.007916592435980516,0.01153547803696009,0.6428029819000001,0.0,32768,98304,8
vertex,3.75,0.01233005,0.999999999999121,0.04477313100091982,-0.153842028271181,0.16626714853450597,3.8311424704393615,0.06978130037995572,0.009232514240148563,-0.004521090905051484,0.64200752235,0.0,32768,98304,8
vertex,3.75,0.01086389,1.0000000000005065,0.04210723141255967,-0.1242657451196931,0.0844094768628958,3.826146869098541,0.06592180821834322,0.008574616248569478,0.027417271423120226,0.6410737666999999,0.0,32768,98304,8
voronoi,3.75,0.063,0.9999999999995515,0.09386035478777485,0.028010753486331925,-0.00026814687852816377,3.88169763944574,0.14222340524426239,-0.029750903218033406,-0.006528819882558157,0.6592840967,0.0021464029947916665,32768,98304,8
voronoi,3.75,0.039,1.0000000000004792,0.07544948184714813,-0.004486019987803439,-0.002997444102806668,3.8566472163815613,0.11310894982002587,-0.027648228944967053,-0.031196049604766962,0.6557225876,0.0019632975260416665,32768,98304,8
voronoi,3.75,0.03105,1.0000000000008027,0.06803721180487496,-0.04824285613887118,0.030901394538620508,3.846464113269592,0.1023657983740011,-0.03654708775899988,0.018875772616388176,0.65489073315,0.001556396484375,32768,98304,8
voronoi,3.75,0.025,1.0000000000005616,0.06147476283622979,-0.06910932914170223,0.04426441003271098,3.835583127652649,0.09161381071137664,-0.03667934884945567,0.0029137034133066564,0.6529296676,0.0012613932291666667,32768,98304,8
voronoi,3.75,0.02,1.0000000000001648,0.05532585559108329,-0.05333683839467711,0.05581380195842556,3.825370654758636,0.08225849202262814,-0.006225908297887911,-0.024209702226808183,0.65121310925,0.00091552734375,32768,98304,8
voronoi,3.75,0.016,1.0000000000005067,0.04938183642184685,-0.09023579155201009,0.08883531833898628,3.8150186729789732,0.07367561967867267,-0.00429688542131865,0.028967618288378016,0.646521066,0.000579833984375,32768,98304,8
voronoi,3.75,0.014,1.0000000000002807,0.04602540369453711,-0.13997384848357836,0.18161102217384162,3.808303832771851,0.06917482710819421,-0.00514972946951359,0.016617993110915386,0.6448752915,0.0005086263020833334,32768,98304,8
voronoi,3.75,0.013,1.0000000000025269,0.04358574977230226,-0.14906950112133388,0.18851522832185186,3.8026177504480287,0.06646827945103706,-0.01145151994452252,-0.031041726277671877,0.6418871124,0.000335693359375,32768,98304,8
voronoi,3.75,0.012,0.9999999999994322,0.04121928490538435,-0.1586384206497463,0.16652798785826128,3.798479407257965,0.06416026452701884,-0.02773008886349057,-0.017416503618192802,0.64040698365,0.0003255208333333333,32768,98304,8
voronoi,3.75,0.0115,1.000000000000531,0.039857016966406776,-0.1283171614878949,0.1629150729115536,3.794979681966644,0.06309288345497746,0.0031208424370564106,0.011199964396455986,0.6400840622,0.00019327799479166666,32768,98304,8
voronoi,3.75,0.011,1.0000000000016693,0.03891395541627593,-0.13555741994090617,0.18690333583196894,3.7933469066926273,0.06189351504899654,0.00902184743892459,0.003234935521962079,0.6398954947,0.00018310546875,32768,98304,8
voronoi,3.75,0.0105,0.9999999999998108,0.03756719459525257,-0.15213785127068905,0.15843498825426527,3.7909007949191897,0.06031352084705345,-0.012377726071710763,-0.045256849109547304,0.63859386325,0.00014241536458333334,32768,98304,8
voronoi,3.75,0.01,nan,nan,nan,nan,nan,nan,nan,nan,nan,nan,0,0,0
voronoi,3.75,0.0096,0.9999999999968263,0.03512580512234561,-0.11180013296206735,0.1390643177270463,3.7875536620028076,0.05736515871368326,-0.01886426447634137,0.02715766864306879,0.63692738625,0.0001220703125,32768,98304,8
voronoi,3.75,0.0093,nan,nan,nan,nan,nan,nan,nan,nan,nan,nan,0,0,0
vertex,3.775,0.11789975,0.999999999998056,0.1452444194266582,-0.03269756220545679,0.14615109366503187,4.0646543020762325,0.2223516104166738,-0.034195515112357626,0.02995720180019079,0.6771792401000001,0.0,32768,98304,8
vertex,3.775,0.07946596,1.000000000000763,0.11951898444830585,-0.04808261065825718,0.10824149236749836,4.011843713525025,0.18101278920681074,-0.022497161449283785,0.025685364278949407,0.67054735215,0.0,32768,98304,8
vertex,3.775,0.05356109,0.9999999999993439,0.09813987926926679,-0.06900560252675025,0.10681365988691471,3.9667612895036317,0.1474707586369227,-0.023903323677511527,0.012700314418641945,0.6642240457999999,0.0,32768,98304,8
vertex,3.775,0.03610087,1.0000000000020508,0.08056510142091777,-0.08264170499724671,0.16515655513708527,3.9285148335432742,0.12131171743693192,-0.0066148230928833145,0.007413746131015753,0.6591324855,0.0,32768,98304,8
vertex,3.775,0.02445457,1.0000000000006257,0.06647085169083243,-0.11215931650261958,0.11820317640114109,3.8969383260402832,0.09937526817202731,0.0007118526927457694,0.005468776883168047,0.6544409475499999,0.0,32768,98304,8
vertex,3.775,0.0182283,0.9999999999993469,0.0575441921225932,-0.12591142784055817,0.15642338612007567,3.8773757014395445,0.08494244138409836,-0.010266391218617082,0.010604744872765082,0.6510348599,0.0,32768,98304,8
vertex,3.775,0.01531428,0.9999999999994689,0.053056217720540214,-0.12065011987132349,0.06327342074495146,3.865096081257782,0.0788130966607091,-0.0008156209266507591,-0.009371496353596687,0.6481858943500001,0.0,32768,98304,8
vertex,3.775,0.01410022,0.9999999999999969,0.05080019736617399,-0.13021415841025288,0.14202174281276214,3.860052654099762,0.074846950888181,0.015391224572643112,0.017683816575331246,0.6472809333,0.0,32768,98304,8
vertex,3.775,0.01305204,0.9999999999992554,0.04893764052698481,-0.15458597456137016,0.1250396933959168,3.854407611503174,0.07217146376304948,0.029819356809583582,-0.023537840117245246,0.6457276569,0.0,32768,98304,8
vertex,3.775,0.01235791,1.0000000000007507,0.047402489868588055,-0.18534012215871512,0.12182324121981569,3.8493436096197815,0.07030531475731508,-0.008710513150983852,-0.048205795086992076,0.6453463452499999,0.0,32768,98304,8
vertex,3.775,0.01148049,0.9999999999980957,0.04577048152394077,-0.18064461386054612,0.15834039396928157,3.8466603242651973,0.06803829173400591,-0.006977583322510679,-0.006953137296125789,0.64418090205,0.0,32768,98304,8
vertex,3.775,0.01137213,1.0000000000002505,0.04536179016327426,-0.1783830993845287,0.16398333153571176,3.8454674500188597,0.06799522032855876,-0.009825001242083452,-0.008494190838197913,0.64499426525,0.0,32768,98304,8
vertex,3.775,0.01126058,0.9999999999996491,0.045186612175917344,-0.18563647413147044,0.18543935745690376,3.843962733191376,0.06765489867395773,0.0021873949215938495,0.004870707282003117,0.6450980470500001,0.0,32768,98304,8
vertex,3.775,0.01007535,1.000000000000052,0.04234429891637897,-0.18614471528238363,0.1851011228438666,3.8373970480995787,0.06385276852153537,-0.014583783774837083,0.01932659182731733,0.64400564705,0.0,32768,98304,8
vertex,3.775,0.00957161,0.9999999999996277,0.04219415923589758,-0.17003845671118129,0.09616741535428686,3.8383409050680237,0.06246279428399006,-0.003966612490168061,-0.013349872384851746,0.64355318115,0.0,32768,98304,8
vertex,3.775,0.00843176,1.000000000000119,0.03909597184322592,-0.1838020939166195,0.2045380614155179,3.8311368857252805,0.05832275060086191,-0.012715016446477526,0.03437405849958752,0.6416289471500001,0.0,32768,98304,8
voronoi,3.775,0.03105,1.000000000002002,0.06882663796904237,-0.015013597443400093,0.012901978470114539,3.8572923528168026,0.10186825692086181,-0.02614641971196216,-0.02489861328676124,0.6575941147,0.0018513997395833333,32768,98304,8
voronoi,3.775,0.025,1.0000000000006684,0.06299610573852991,-0.04360504486647644,0.04137444271322632,3.8483677857929686,0.09243190568561459,-0.019416087932543406,0.02816562204436135,0.65484091355,0.0015055338541666667,32768,98304,8
voronoi,3.775,0.02,1.0000000000016174,0.05674833401420883,-0.03806187438017508,0.034810098861692396,3.8392150119856874,0.08355659508871847,-0.006419082200027839,-0.036292947312092316,0.6532033155,0.0013834635416666667,32768,98304,8
voronoi,3.775,0.016,1.0000000000000733,0.05113928928102148,-0.0911111273969886,0.002807762365265365,3.830675173598572,0.07443248516132538,-0.03068083080390576,-0.034313531905310946,0.6516215442,0.0009358723958333334,32768,98304,8
voronoi,3.775,0.012,1.0000000000001343,0.044806508687687645,-0.11565282758656151,0.10304727687983739,3.8197516122325745,0.0651361631013941,-0.016416644747291324,-0.0266210020344948,0.6488782908499999,0.0005900065104166666,32768,98304,8
voronoi,3.775,0.01,1.0000000000020326,0.04110531185635393,-0.1429880607199889,0.07280127050207641,3.813109242147003,0.059697466669956296,-0.008549710240130569,0.0272482832325478,0.64556187735,0.000640869140625,32768,98304,8
voronoi,3.775,0.009,1.000000000001224,0.03865065705474239,-0.1684898853932652,0.07420270884188351,3.8085900038562315,0.05650877925413801,0.006067565106414563,-0.046122443527685686,0.6446948858,0.0005086263020833334,32768,98304,8
voronoi,3.775,0.008,1.0000000000005158,0.03607775863264383,-0.18873232186974365,0.1271506622456693,3.8035493792420962,0.053337051432529904,-0.012105524220336221,0.005851389713668276,0.6422796859,0.0004069010416666667,32768,98304,8
voronoi,3.775,0.0075,0.9999999999960694,0.03452876616330723,-0.17888360594523406,0.21788097533743578,3.8009223462507933,0.051774143484748465,0.0037137121958123204,-0.02125567541430584,0.6426119281,0.0004170735677083333,32768,98304,8
voronoi,3.775,0.007,0.9999999999996765,0.033515230271713804,-0.1963402513369072,0.24573263714059035,3.7988683928063964,0.050271793191042774,0.0038064410782975427,0.0008355414084544321,0.6410654478,0.0003153483072916667,32768,98304,8
voronoi,3.775,0.0063,1.000000000001059,0.03173404667857369,-0.210802165444245,0.22256006591340505,3.7960858926350403,0.04797405508974767,-0.004654933883707881,0.012407481238992268,0.63965712075,0.00018310546875,32768,98304,8
voronoi,3.775,0.0056,1.0000000000021605,0.029394494186082424,-0.17235612777128229,0.22489730428745958,3.7927994250322876,0.045043901481024516,0.014137415520000507,0.044852377406311206,0.6393144336,0.00014241536458333334,32768,98304,8
voronoi,3.775,0.0054,0.9999999999997375,0.029128660222548994,-0.19014588451068107,0.24739829902219812,3.7918680936801756,0.0442983086452027,-0.008648117161837492,0.05933680767337268,0.6391314540499999,0.00016276041666666666,32768,98304,8
vertex,3.8,0.16398067,0.9999999999994964,0.17198936580726282,-0.027460406518539086,0.10745947347503515,4.134364070179443,0.2638018441477368,-0.05864671446718016,0.02732269589495928,0.6850274581,0.0,32768,98304,8
vertex,3.8,0.09830474,0.999999999999756,0.1334121938863708,-0.042758774841113664,0.034226428493644434,4.052607626290893,0.201549697031656,-0.01959426958541078,-0.031214230757556027,0.6752731702,0.0,32768,98304,8
vertex,3.8,0.08400365,0.9999999999999115,0.12315792467537061,-0.06482230692315297,0.09779872293296288,4.02988595542984,0.18652639824319578,-0.022960780410842596,-0.00301507984691618,0.6724293732,0.0,32768,98304,8
vertex,3.8,0.06198152,0.9999999999997526,0.10637230120634711,-0.05778960791630406,0.11508054317812233,3.995799116799591,0.15907467456448487,0.0004914153566249746,-0.0042343548462211444,0.6665655283,0.0,32768,98304,8
vertex,3.8,0.04493352,0.999999999999823,0.0904625652580375,-0.09226385684221011,0.126013452064619,3.962154297754578,0.1351161580966951,-0.045727765040420386,0.0959761006367148,0.6644355143,0.0,32768,98304,8
vertex,3.8,0.03119342,1.0000000000003906,0.07652692287019917,-0.11745942200419594,0.10663572979153679,3.930465786168396,0.11202498276290764,-0.002452777008753606,0.020259823622468254,0.65894914465,0.0,32768,98304,8
vertex,3.8,0.01973598,1.0000000000002014,0.0616852546927036,-0.13480032056582936,0.04084526908225872,3.897591835128601,0.08978544108710647,-0.012301458141125031,0.05380223612987489,0.65532099185,0.0,32768,98304,8
vertex,3.8,0.01365467,0.999999999999759,0.05173686449916457,-0.14598738896528723,0.1058795658813465,3.876292595416229,0.07415918760343332,-0.0235237921715686,0.026448364728505425,0.6501611946500001,0.0,32768,98304,8
vertex,3.8,0.01157466,0.999999999997586,0.04814942593532917,-0.16254065956853894,0.07191789631993739,3.866938514715393,0.06852516213369612,0.014258889532245606,0.006553707367450201,0.6496461765,0.0,32768,98304,8
vertex,3.8,0.00996505,1.0000000000002287,0.04473283759020794,-0.1649867296472664,0.1639495893078804,3.8592684110510254,0.06348894161699357,0.008201288175821341,0.028229937331269994,0.64702296905,0.0,32768,98304,8
vertex,3.8,0.00961925,0.9999999999990509,0.0439460298599657,-0.1743416326274388,0.0810332974948178,3.8568736327440796,0.06297164445694986,0.01454027113235489,0.017420430476279947,0.647483934,0.0,32768,98304,8
vertex,3.8,0.00876128,0.9999999999989289,0.04266575176852897,-0.2135023762824385,0.16910600771969797,3.8527140495133665,0.0603135790076958,-0.005039239027245845,0.021094006167660773,0.6465925275,0.0,32768,98304,8
vertex,3.8,0.00822905,0.9999999999995545,0.040951977696040226,-0.21589963105322213,0.18092124969230738,3.849452698837707,0.057911212660423726,0.018795637761534537,0.014636390872595939,0.64541567265,0.0,32768,98304,8
vertex,3.8,0.00796442,1.000000000000113,0.04009217436032427,-0.20456930169295667,0.15284473991838876,3.846828716824615,0.057069316340015795,0.013024465298389359,0.00878199230058696,0.6453586881,0.0,32768,98304,8
vertex,3.8,0.00718994,1.0000000000017426,0.038225451311961194,-0.23449914473266376,0.16009710320679904,3.8424454490470583,0.05411125766973477,0.005576593258085575,-0.009954741378075838,0.6441587853999999,0.0,32768,98304,8
vertex,3.8,0.00704038,0.9999999999995606,0.03806049778730029,-0.2411790368804007,0.15928519082349313,3.843176163830994,0.05344837868644789,-0.0020057266025588815,0.05439081640294319,0.6449794592,0.0,32768,98304,8
vertex,3.8,0.00535426,1.0000000000000608,0.03378435607132244,-0.20743391797597857,0.14722756089429767,3.834010081176025,0.04673020399623677,-0.001947295820538062,0.013587201481234601,0.64250454125,0.0,32768,98304,8
vertex,3.8,0.00422529,1.0000000000006044,0.03073967568020154,-0.2526150371136251,0.12176684642936797,3.827997751712189,0.041961858053932474,0.037430215870492264,0.010976517785254547,0.64111212715,0.0,32768,98304,8
voronoi,3.8,0.063,1.000000000000763,0.09479570262366185,0.0016463936486847443,-0.004891211752434899,3.9020581203526,0.14217866083809214,-0.04529200158665626,0.06881057248716527,0.66184151395,0.003082275390625,32768,98304,8
voronoi,3.8,0.039,0.9999999999999207,0.07739475569094965,-0.0030861665339157298,0.03474611883145684,3.8807320845875246,0.11319591935239243,-0.024397001188286478,-0.0397714884521454,0.6602972634,0.0024617513020833335,32768,98304,8
voronoi,3.8,0.03105,1.000000000000119,0.06977060143717373,-0.060921209645128226,0.027735428221086433,3.87063440772464,0.10211655221812793,-0.05677137166406655,-0.003734553630889259,0.6592288667999999,0.0023396809895833335,32768,98304,8
voronoi,3.8,0.025,1.0000000000005005,0.06387722122722467,-0.06130702352086192,0.044409854965565376,3.8623300972624506,0.09265251245054026,-0.027487623111811688,-0.03859709808200318,0.6581599870499999,0.001983642578125,32768,98304,8
voronoi,3.8,0.016,1.0000000000010743,0.05258469217805463,-0.07363612978332382,0.0877552110250992,3.846248625338623,0.07491054677185056,-0.010552798338049812,-0.03808041621950142,0.65574471545,0.0014750162760416667,32768,98304,8
voronoi,3.8,0.01,0.9999999999998048,0.043058999518163665,-0.09030385483610144,0.04389812555000727,3.8324141997098082,0.060251214231065595,0.014046679213773035,0.019162398951643844,0.6519563922,0.000946044921875,32768,98304,8
voronoi,3.8,0.008,1.000000000001004,0.03931729907274873,-0.1703990855665461,0.16803639275904736,3.825572676409241,0.05393140058244219,-0.005970427401872501,0.009715558618835995,0.6497194223,0.0008341471354166666,32768,98304,8
voronoi,3.8,0.0063,0.9999999999999969,0.03523630703115699,-0.17007233823300064,0.08621030968828336,3.8197061447063905,0.04807521545974597,-0.004763107332344145,0.014630817615207903,0.64907582805,0.0005696614583333334,32768,98304,8
voronoi,3.8,0.005,0.9999999999989533,0.03216681670955922,-0.1901531131657335,0.139297461538904,3.8156916218334045,0.04353189595444117,0.009871223095812093,0.020227702252517243,0.6473109592499999,0.0006815592447916666,32768,98304,8
voronoi,3.8,0.00385,1.0000000000013674,0.02855236644982272,-0.1917342236443529,0.09182118840722664,3.8118422898115845,0.038599126319615575,0.0008838767164981113,0.040612223951447035,0.6459019751,0.0004781087239583333,32768,98304,8
voronoi,3.8,0.0031,1.0000000000009461,0.02594569353809581,-0.2227951457025321,0.12516768452973892,3.807432561481781,0.034574862119581454,-0.0063873928387652695,-0.005464288757961899,0.6440091787,0.000396728515625,32768,98304,8
voronoi,3.8,0.0028,nan,nan,nan,nan,nan,nan,nan,nan,nan,nan,0,0,0
voronoi,3.8,0.0025,nan,nan,nan,nan,nan,nan,nan,nan,nan,nan,0,0,0
voronoi,3.8,0.0022,nan,nan,nan,nan,nan,nan,nan,nan,nan,nan,0,0,0
voronoi,3.8,0.002,0.9999999999992859,0.0212998370524791,-0.21677322423349024,0.11063214367019292,3.803382553288727,0.02820793763732835,-0.0025227970007499403,-0.01671392661702953,0.64358357135,0.000152587890625,32768,98304,8
voronoi,3.8,0.0018,0.9999999999998413,0.020269133612137096,-0.21748484269526935,0.08684470062951188,3.8024702753192443,0.026964855918794856,0.025859433427937235,-0.004193903041916691,0.64329453765,0.00014241536458333334,32768,98304,8
voronoi,3.8,0.0016,1.0000000000016083,0.019418244999843497,-0.20940062622590783,0.06925025443762411,3.8022547493306886,0.02546580430896915,-0.013134946250144757,0.04931177419290389,0.6423760350500001,0.00020345052083333334,32768,98304,8
vertex,3.815,0.16265453,1.0000000000021636,0.17239904642541065,-0.006191968998494182,0.10886715720298668,4.140881800672821,0.2618073002950783,-0.030247751367316326,-0.014781419686229036,0.68584759225,0.0,32768,98304,8
vertex,3.815,0.10562311,0.9999999999985167,0.1395246007409559,-0.07069506440277662,0.12796780387118112,4.0697827141939396,0.20944265423000694,-0.028552635974285548,0.0032273087781629073,0.6776366318,0.0,32768,98304,8
vertex,3.815,0.09749689,1.000000000000418,0.13330281533471466,-0.05072275324737,0.1341755358005119,4.060519206356018,0.2010031020666414,-0.002316990614174898,0.020541905074277444,0.6765603407,0.0,32768,98304,8
vertex,3.815,0.05607261,0.9999999999996307,0.10173673230601586,-0.09566401446996983,0.1449358221874486,3.9934210743880305,0.15170692148837908,0.008871926423693385,0.04806244740779286,0.66794484965,0.0,32768,98304,8
vertex,3.815,0.03205711,1.0000000000026152,0.07776103966742445,-0.07670109352492382,0.09111409924396785,3.9415388121418458,0.11388212009927945,0.011704514664576043,0.017768767115003303,0.66040049845,0.0,32768,98304,8
vertex,3.815,0.02008463,1.0000000000010223,0.06277497404276283,-0.15467278987952413,0.12614378316891095,3.908353576633728,0.09029264364270896,-0.012268209531630044,0.004170281595060388,0.65578111465,0.0,32768,98304,8
vertex,3.815,0.01273808,1.0000000000005647,0.05115549729947672,-0.1622190675684104,0.09593303291466437,3.881941373148102,0.07165440694614475,1.724943478020706e-05,0.015995063912008334,0.65232044265,0.0,32768,98304,8
vertex,3.815,0.01011368,1.0000000000007203,0.04622844944785964,-0.21275808114343836,0.18414400111337326,3.8701364072855835,0.06382037952887089,0.004969747593782622,-0.03137159578876769,0.64950751505,0.0,32768,98304,8
vertex,3.815,0.00881879,0.9999999999995667,0.04347088680478385,-0.17993423978484518,0.11343216323367011,3.8652230731617734,0.05997773355545993,0.03209925131559075,-0.01505124860099638,0.64819833185,0.0,32768,98304,8
vertex,3.815,0.00829312,0.9999999999997314,0.042207426209487094,-0.19369449223319743,0.1487589017927129,3.862251426012879,0.058308133960062875,0.017199259838374725,0.036898626516065125,0.6472639035000001,0.0,32768,98304,8
vertex,3.815,0.00702801,0.9999999999996245,0.03926284087046828,-0.211283114822487,0.17440169570539332,3.855102208058227,0.05388595858151378,0.0104467099160203,0.014591345588898186,0.6467592996,0.0,32768,98304,8
vertex,3.815,0.0060978,0.999999999997766,0.037057794986789454,-0.2270986917369011,0.10534881130554741,3.849920802019379,0.050531016351762964,0.014035477010645786,-0.01864921516251261,0.64591046335,0.0,32768,98304,8
vertex,3.815,0.00590473,0.999999999998108,0.03659297451495242,-0.21188328485116187,0.13524961902282184,3.8499446516989746,0.04941512895881266,0.025683551012357437,-0.001547060498009234,0.6457481219000001,0.0,32768,98304,8
vertex,3.815,0.00417946,1.0000000000006102,0.03155875078083389,-0.23309385639767183,0.09046927057188814,3.8398154830650024,0.041814378476693226,0.020031749405872122,-0.007240208884288002,0.6440510482499999,0.0,32768,98304,8
vertex,3.815,0.00297748,0.9999999999991119,0.027493484637575408,-0.2576755970161144,0.09681193117913,3.831867306000031,0.035576788996798586,0.03483444479422684,0.030292096929347423,0.64247778705,0.0,32768,98304,8
voronoi,3.815,0.063,0.9999999999998597,0.0954878916225394,-0.03730733600198993,0.005000622915734443,3.907092178113769,0.1428490492793884,-0.059890142234144,0.04468617386418616,0.6625960844500001,0.0032755533854166665,32768,98304,8
voronoi,3.815,0.025,0.9999999999982909,0.06502395996753038,-0.04623527856990066,0.01948405263805819,3.8697381116054377,0.0936545293597182,-0.017857750670091578,-0.005882153272698254,0.659364261,0.002105712890625,32768,98304,8
voronoi,3.815,0.01,1.0000000000018037,0.044026771631225335,-0.1013145275574557,0.07852280865610783,3.8425659493774416,0.06008732266280434,-0.0031206576206996416,-0.03187427938555354,0.65476681215,0.0014241536458333333,32768,98304,8
voronoi,3.815,0.0063,1.0000000000003968,0.03668218327937822,-0.129155129221114,0.037637587728893696,3.8325672706729126,0.04902089535842344,-0.013317274542836446,0.014613063727408004,0.6529573654,0.000823974609375,32768,98304,8
voronoi,3.815,0.005,0.999999999998944,0.03316567840096513,-0.13342186052218152,0.07546332435449976,3.829194910602081,0.0435713696281127,-0.011141888031238178,-0.030830219008836757,0.6531143883,0.000762939453125,32768,98304,8
voronoi,3.815,0.00385,0.999999999998761,0.030251706736158606,-0.17788141957433856,0.023615478017742664,3.8256382290302424,0.038574090376171294,-0.019244937584552552,0.007472118773975023,0.6514688716,0.0006815592447916666,32768,98304,8
voronoi,3.815,0.0028,0.9999999999979492,0.026526905785876576,-0.170336731159607,-0.012631945462541871,3.821967735392792,0.03352853896246432,0.014317360134955714,0.009060158486977166,0.65094365715,0.0005594889322916666,32768,98304,8
voronoi,3.815,0.0022,1.0000000000011018,0.024185919504721414,-0.19181890869187918,-0.0037805233624030876,3.8199558218220218,0.029767849767734975,0.003348440023820974,-0.016787809991817504,0.65095303025,0.00054931640625,32768,98304,8
voronoi,3.815,0.0015,0.9999999999996124,0.020735308863639935,-0.19694065643395237,0.030757260032560296,3.8176356842312313,0.024982864139275703,0.008401544763570645,-0.012877690298680466,0.65086987795,0.0003662109375,32768,98304,8
voronoi,3.815,0.0012,1.0000000000008513,0.01885569176484622,-0.17070084830465887,-0.027998471089645705,3.8161673652504575,0.022567794403194463,0.009324623718794618,0.0037355449891252057,0.6475812358,0.00022379557291666666,32768,98304,8
voronoi,3.815,0.001,0.9999999999996978,0.01756488803984299,-0.19474542506936346,0.03362596907432769,3.8157057326293033,0.020745089789531594,0.01905004854892833,0.033551780697706146,0.6481867073500001,0.000244140625,32768,98304,8
voronoi,3.815,0.0008,0.999999999998758,0.01613540379550255,-0.14901957810972372,-0.02988617299490981,3.815239218855957,0.018797851735242562,-0.02503580097443467,-0.017025874135793817,0.6483414597,0.00019327799479166666,32768,98304,8
voronoi,3.815,0.00067,0.9999999999991058,0.015095572332269791,-0.15959280381289873,0.028816897061548552,3.8151338241033326,0.01719999895218932,0.012531761560750742,0.008376839693670313,0.6476906936,0.00014241536458333334,32768,98304,8
vertex,3.825,0.15936938,1.0000000000004883,0.17144242832618822,-0.028615125622990113,0.07226990386944898,4.140729196397553,0.25847880377165466,-0.04632225321794428,0.0213631247313959,0.6867465096500001,0.0,32768,98304,8
vertex,3.825,0.10321059,1.0000000000000764,0.1374599103568398,-0.031097469576135642,0.03327748159907973,4.071658756988098,0.20843445704138458,-0.029964824943864352,0.03846633761232754,0.6781723598,0.0,32768,98304,8
vertex,3.825,0.09228032,1.0000000000001497,0.13011137536751255,-0.08046047746990229,0.10404028794529685,4.057646277124176,0.1943498509681236,0.001152456770755407,0.017088886240778756,0.6761525522,0.0,32768,98304,8
vertex,3.825,0.06529403,1.0000000000001772,0.10991428491227476,-0.07482349019517716,0.08755052198726165,4.013729021821961,0.16379993479723143,-0.023638536348199478,0.023296359952720724,0.6716591214000001,0.0,32768,98304,8
vertex,3.825,0.04506436,0.9999999999997498,0.09210195939135446,-0.1143260723573449,0.061483565175769694,3.976864754638733,0.1354041818097425,-0.044062125256233514,0.017093229246111896,0.6659800395,0.0,32768,98304,8
vertex,3.825,0.02759231,1.0000000000007294,0.07319403126872673,-0.12928214969792573,0.10013443228854335,3.9363455785789183,0.1060995388611105,0.0056528304006843505,-0.010570328756809744,0.6600292786999999,0.0,32768,98304,8
vertex,3.825,0.01691592,0.9999999999998321,0.059130702562130114,-0.1616239067011014,0.12430309849317478,3.9041359090753174,0.08311104898458797,0.009032101203699395,0.012675000226824995,0.65477540085,0.0,32768,98304,8
vertex,3.825,0.01083597,1.0000000000016387,0.04851763991590434,-0.18902408575985524,0.11830378361083493,3.8813532894344482,0.06662086508484037,0.024490990631920236,-0.03596198908950843,0.6520571122000001,0.0,32768,98304,8
vertex,3.825,0.0085038,1.0000000000014313,0.043412538529973066,-0.19800645990577898,0.15142058188199403,3.870947627833771,0.058767759053854896,0.0011863037051797719,0.0010861482195712036,0.64853492345,0.0,32768,98304,8
vertex,3.825,0.00687376,1.000000000000949,0.039895858482575694,-0.2098704352011596,0.117717797894902,3.8633191255719908,0.05362272086229659,0.0271558147295446,0.040695490295977965,0.64868395015,0.0,32768,98304,8
vertex,3.825,0.00683658,0.9999999999990418,0.040007604293747535,-0.20711854058468138,0.08268113107315589,3.8628929603902584,0.053418581727599314,0.017237751731775146,-0.029932880038677112,0.6496878510499999,0.0,32768,98304,8
vertex,3.825,0.0057681,1.0000000000008058,0.036777503551332746,-0.21970481329074182,0.10611385485608915,3.857618183674774,0.04900902936795752,0.02560478580651568,0.00519507020801413,0.64836459125,0.0,32768,98304,8
vertex,3.825,0.00496885,0.9999999999991638,0.034700115223057916,-0.22649756631075338,0.1101500047291708,3.851648818003845,0.045858641405772796,0.01794735986108003,0.008565346901861837,0.64649653845,0.0,32768,98304,8
vertex,3.825,0.00418735,0.9999999999996125,0.03235642963995773,-0.22985696296104086,0.08197936140994289,3.8483004920985104,0.04193116321200343,0.029528974497106047,0.03497341051348446,0.6463756894,0.0,32768,98304,8
vertex,3.825,0.00260712,1.000000000000119,0.02676809232788235,-0.24271898562002425,0.05217989696145997,3.8388996284519044,0.033531017305574395,-0.0017561476813835047,0.01645638397383209,0.64414325145,0.0,32768,98304,8
vertex,3.825,0.00172962,0.9999999999996918,0.023110508123427576,-0.22381094279269095,0.02082381493462737,3.8341753187888488,0.027593618559444144,0.007620850380047773,0.037059602174305706,0.64344869205,0.0,32768,98304,8
voronoi,3.825,0.063,0.9999999999991394,0.09613587222321154,0.004877595251420206,0.0058420947558222025,3.9115371002124326,0.14279571284985243,-0.05130814816652121,-0.03762324681733009,0.66479232115,0.0036824544270833335,32768,98304,8
voronoi,3.825,0.039,1.000000000001651,0.07838198019825626,-0.02581806419107193,-0.019849375250905688,3.891632704911346,0.11454323939877768,-0.01616637083089022,-0.013941814706668332,0.6629824268,0.002716064453125,32768,98304,8
voronoi,3.825,0.03105,0.9999999999987306,0.0709618724142752,-0.044183905393828195,0.049303430079629784,3.8839721084272156,0.10240912700215078,-0.039513213140018835,-0.01858224160018418,0.66046819305,0.00250244140625,32768,98304,8
voronoi,3.825,0.016,1.0000000000000062,0.05395402631807702,-0.05926370145230397,0.0037907452952321563,3.8623716433814694,0.07557988011138111,-0.025783787749975102,-0.04610050129134047,0.6594158313,0.001861572265625,32768,98304,8
voronoi,3.825,0.01,0.9999999999991334,0.044562550054158906,-0.1009045495923493,0.07670475821555023,3.850397544950409,0.060977821747194544,-0.017959377834796876,-0.01113025089771158,0.65892878525,0.00140380859375,32768,98304,8
voronoi,3.825,0.008,1.0000000000013458,0.04082918185422769,-0.10135961823933402,-0.01565485876221384,3.8457917915625615,0.0544030005156205,0.013611574963965277,-0.0042231939824493026,0.6568411503,0.0013326009114583333,32768,98304,8
voronoi,3.825,0.0063,0.9999999999997833,0.03739935955321141,-0.0937395000621269,0.04662376294197568,3.8420286524983824,0.048571375836827226,0.02074738970801063,-0.022418970334412425,0.65664576035,0.0012003580729166667,32768,98304,8
voronoi,3.825,0.005,0.9999999999999818,0.034044482363288636,-0.11357439086010164,-0.00013863339996245116,3.8381185296967772,0.04401331985148029,0.003373888431606362,0.012464343214552809,0.6564564121500001,0.0010477701822916667,32768,98304,8
voronoi,3.825,0.00385,1.0000000000003693,0.030668681756116877,-0.1314187705161708,0.025155087946516552,3.834820350833466,0.03868048206332889,-0.008348696904728113,-0.007891455997920183,0.65457444775,0.00091552734375,32768,98304,8
voronoi,3.825,0.0031,0.9999999999998412,0.02849164935165435,-0.1282714143741032,-0.011640838290531086,3.832611321834473,0.03494491671120997,-0.007689041697356984,-0.04011669800702622,0.6549874561,0.0007425944010416666,32768,98304,8
voronoi,3.825,0.0025,0.9999999999998931,0.02631892731192119,-0.1371094903363026,-0.02995197597816368,3.830898258625244,0.03200758348570102,0.00296822539534998,-0.005092021222265153,0.65512532565,0.0007527669270833334,32768,98304,8
voronoi,3.825,0.0022,0.9999999999996093,0.024957665738568783,-0.16196225391901595,0.03105226031267394,3.8295630811608588,0.029995748898246823,0.011882291272361574,-0.02024554731129502,0.6543295148499999,0.0006510416666666666,32768,98304,8
voronoi,3.825,0.002,1.0000000000010527,0.024080884195093202,-0.15188024131630956,0.01692295658016363,3.829169868828491,0.028638197602254615,0.009884900028975033,0.013246976107151198,0.6549026465000001,0.0007120768229166666,32768,98304,8
voronoi,3.825,0.0015,0.9999999999981446,0.021581583473017415,-0.13803084778935798,-0.024029073681827384,3.8275159256212765,0.025092099860195494,0.004518084186444966,-0.005428472732313061,0.65416392015,0.0005594889322916666,32768,98304,8
voronoi,3.825,0.0013,1.0000000000011504,0.020429163352964026,-0.13213030515295418,-0.044369935159390916,3.827108094321625,0.02349773711418736,0.03819382254164273,-0.022110987281656502,0.65439149345,0.0004781087239583333,32768,98304,8
voronoi,3.825,0.001,nan,nan,nan,nan,nan,nan,nan,nan,nan,nan,0,0,0
voronoi,3.825,0.00067,nan,nan,nan,nan,nan,nan,nan,nan,nan,nan,0,0,0
voronoi,3.825,0.0005,nan,nan,nan,nan,nan,nan,nan,nan,nan,nan,0,0,0
voronoi,3.825,0.00033,0.9999999999996094,0.01169518893871354,-0.06184174500778751,-0.028847136302432297,3.824867931745178,0.012388620888827787,0.00816931926694546,-0.0017450669609484493,0.65321643585,0.00018310546875,32768,98304,8
voronoi,3.825,0.00025,1.0000000000003082,0.010460725377593993,-0.04481882242938132,-0.0391780998164748,3.8248408968745418,0.010922649291832603,0.0043682220960574066,-0.020702046802201224,0.65409508265,0.00011189778645833333,32768,98304,8
voronoi,3.825,0.00018,1.00000000000054,0.008991585232183297,-0.026180100684883686,-0.03017224262660978,3.8249561629529722,0.009263932412381246,0.006961091151547451,-0.04352450073037195,0.6540162531,6.103515625e-05,32768,98304,8
voronoi,3.825,0.00014,1.000000000001471,0.00805517207738877,-0.024144063688304827,-0.004090604132227504,3.8249048785298463,0.008243059757909387,0.006401157322363394,-0.03147986295091476,0.65595520805,0.00016276041666666666,32768,98304,8
voronoi,3.825,0.0001,0.9999999999995208,0.006891154173970585,0.009624385123476657,-0.019960264267337546,3.825077025015442,0.006945566219311416,0.002853910856211287,0.029071091540456173,0.6566219036000001,0.0001220703125,32768,98304,8
vertex,3.85,0.0988608,1.000000000000415,0.13560798902832513,-0.05821622349169672,0.11614684492294014,4.080141221880462,0.20263310385598648,-0.01570504288387877,-0.018652145237498807,0.6788639426,0.0,32768,98304,8
vertex,3.85,0.0636712,1.0000000000004425,0.10949837956119361,-0.10999272340356453,0.08251860754732965,4.025859700101013,0.16168256632583664,-0.015001354082974356,-0.02094707367549553,0.6716147273499999,0.0,32768,98304,8
vertex,3.85,0.04100738,0.9999999999998687,0.08945076203745739,-0.12417373749945912,0.15249049676181192,3.9832842867680665,0.12921315028256172,-0.016501774677239935,-0.011403953231583053,0.6672073862000001,0.0,32768,98304,8
vertex,3.85,0.0239427,0.9999999999995728,0.06999118619033196,-0.1326246090322823,0.08848941293616575,3.9425863918435367,0.09901457372134014,0.021938598352405764,-0.030201589150762764,0.66131829935,0.0,32768,98304,8
vertex,3.85,0.01667554,0.999999999999991,0.059979658971993415,-0.1757064882813279,0.15774843431482877,3.921123642998352,0.0825884927615502,0.007635190593464964,-0.024384375064752994,0.6572217943,0.0,32768,98304,8
vertex,3.85,0.01212699,1.0000000000008697,0.052307523056049555,-0.1787822272169339,0.128030297328666,3.9051506561586606,0.07084207296914277,0.01018470438719584,-0.006461985852461716,0.6561418626,0.0,32768,98304,8
vertex,3.85,0.00826466,1.0000000000009186,0.04486921080466208,-0.17119277223229887,0.09522143585780452,3.8896981488963625,0.05920404120095935,0.02184308241138753,-0.030056479318142593,0.6538782713,0.0,32768,98304,8
vertex,3.85,0.005971,1.000000000001068,0.03915559282514786,-0.20442920273501597,0.03958179489712954,3.87964268618338,0.05027175086973821,0.010788539146757847,0.0317381847456093,0.6524866493999999,0.0,32768,98304,8
vertex,3.85,0.00495084,0.9999999999983856,0.03662147675670018,-0.20703284163203173,0.09646877277698263,3.874866333097046,0.045652425802609815,0.001922327801234829,-0.007590907437830197,0.651303006,0.0,32768,98304,8
vertex,3.85,0.00476227,0.9999999999993745,0.03590613117958478,-0.19155027109715864,0.008438903778333007,3.8736821807611084,0.04493570364934358,0.02932875852607628,-0.00046338779256682727,0.65103280985,0.0,32768,98304,8
vertex,3.85,0.00396053,0.9999999999998382,0.03347252287736918,-0.19529226623490795,0.06588990159828834,3.869863269168915,0.04136369589565528,0.04383453008689128,-0.005196605366187157,0.6502643568,0.0,32768,98304,8
vertex,3.85,0.00373261,0.9999999999998992,0.03276081482174913,-0.2480468634983562,0.14283845679512197,3.8687837789936217,0.04007839733725947,0.03151934591586662,-0.00390728794093409,0.65073245025,0.0,32768,98304,8
vertex,3.85,0.00338984,1.0000000000032898,0.03155302010618042,-0.2171171542230142,0.048507771079854045,3.8670124849542233,0.03840419532749947,0.011140696562806697,0.005303176644824603,0.65063465255,0.0,32768,98304,8
vertex,3.85,0.00257217,1.0000000000002838,0.0284057514170021,-0.20690737963519204,0.04799397634203029,3.8622536251575927,0.033541685361013755,0.024030367318175996,0.018741392224630005,0.6499602537,0.0,32768,98304,8
vertex,3.85,0.00227471,1.0000000000004854,0.02706992884291674,-0.20602206828408592,0.05138602023741701,3.860618455348114,0.031753147566972575,0.029715960392570833,0.001942531420292326,0.6493785019,0.0,32768,98304,8
vertex,3.85,0.00163685,1.0000000000003264,0.023850143240707868,-0.1566984484731119,-0.007638973299265661,3.8572112826787417,0.02733753700517556,-0.00040749257402023734,-0.004424293806990498,0.6479242241000001,0.0,32768,98304,8
vertex,3.85,0.00138085,0.9999999999995972,0.02248191212069908,-0.16126149894535388,-0.035341576393543406,3.8557712486773683,0.025287777856705503,0.005049018327714544,0.019441225797157013,0.64845584695,0.0,32768,98304,8
vertex,3.85,0.000825,1.0000000000016114,0.018263714300435226,-0.08172836832393175,-0.054870621782878715,3.8532217666757203,0.020015449450211983,0.02983672945700482,0.005962158539897011,0.6479092306,0.0,32768,98304,8
voronoi,3.85,0.039,1.0000000000011475,0.079243696117323,-0.051542059958351705,0.062156649964423494,3.905394263237488,0.11402882095261103,-0.03177591227529487,0.022722671868811162,0.6638203666,0.0029805501302083335,32768,98304,8
voronoi,3.85,0.016,0.9999999999981355,0.05544410817077305,-0.08271807650147765,-0.011119781753701208,3.878634279362976,0.07570137968172701,-0.015637112519917572,0.0024591453406688224,0.66112655655,0.0025736490885416665,32768,98304,8
voronoi,3.85,0.01,1.0000000000010316,0.04607445731905423,-0.07608798719759237,-0.016560780799562913,3.8687728147089238,0.06111379012450531,0.0011609118514763705,-0.0317778258835828,0.661220123,0.0023091634114583335,32768,98304,8
voronoi,3.85,0.005,0.9999999999996796,0.03543766185436715,-0.09502145117889531,-0.008229365088662455,3.8591092855316775,0.04413994945774153,-0.011029592439887676,-0.015191761626719646,0.6621548884999999,0.0015157063802083333,32768,98304,8
voronoi,3.85,0.00385,0.9999999999986328,0.03219674864577484,-0.09510202105932876,-0.016999782943142083,3.8569145775604863,0.038809118826067295,-0.0004115145878401615,0.023162297366219775,0.6615536166,0.0015360514322916667,32768,98304,8
voronoi,3.85,0.0025,0.9999999999997222,0.027342871333516403,-0.1034895722866819,-0.00393240386023308,3.854185304320587,0.031906305013471574,0.0036468397788368603,0.013262936552258964,0.6626029199000001,0.001495361328125,32768,98304,8
voronoi,3.85,0.002,1.000000000000186,0.025231097651894158,-0.07933028922124671,-0.0047674358978770925,3.8528786571810607,0.028731820899039893,0.0121932248301908,-0.018244057617517573,0.66269310075,0.001434326171875,32768,98304,8
voronoi,3.85,0.001,1.000000000000006,0.019224283618174083,-0.04251146483478766,-0.021946971581656705,3.8512627119938356,0.020899155443475412,-0.014500847662241365,-0.011029437216120819,0.6648488896,0.0010782877604166667,32768,98304,8
voronoi,3.85,0.00067,1.0000000000009706,0.01645209608779303,-0.026158720802649166,-0.0702746271946526,3.8507195381037294,0.01741110992547601,-0.013590715375290104,0.0398639496139408,0.66535898945,0.00103759765625,32768,98304,8
voronoi,3.85,0.0005,0.9999999999986053,0.014549471474023598,-0.024026877072483882,-0.02485525488579965,3.850370014167999,0.01517238552483647,-0.0031613710572367323,0.027415845335602818,0.6667712207000001,0.000762939453125,32768,98304,8
voronoi,3.85,0.00033,1.0000000000013092,0.011954217183678355,-0.0044547295155866525,-0.04416772341225528,3.850217122398651,0.012533765799187618,-0.020131005067417964,-0.012065963775539146,0.6680875531999999,0.0008646647135416666,32768,98304,8
voronoi,3.85,0.00025,nan,nan,nan,nan,nan,nan,nan,nan,nan,nan,0,0,0
voronoi,3.85,0.00018,1.000000000000827,0.009132865787135227,0.0033589675239144978,0.017205674414827676,3.850093391699493,0.009228569068629034,0.008893174577848696,-0.04101563159492283,0.6676999825500001,0.0007222493489583334,32768,98304,8
voronoi,3.85,0.00014,nan,nan,nan,nan,nan,nan,nan,nan,nan,nan,0,0,0
voronoi,3.85,9.1e-05,nan,nan,nan,nan,nan,nan,nan,nan,nan,nan,0,0,0
voronoi,3.85,7.7e-05,nan,nan,nan,nan,nan,nan,nan,nan,nan,nan,0,0,0
voronoi,3.85,5.4e-05,nan,nan,nan,nan,nan,nan,nan,nan,nan,nan,0,0,0
voronoi,3.85,4.5e-05,nan,nan,nan,nan,nan,nan,nan,nan,nan,nan,0,0,0
voronoi,3.85,3.6e-05,nan,nan,nan,nan,nan,nan,nan,nan,nan,nan,0,0,0
