p0,T,which,n_ell,median_ell,mean_ell,std_ell,mode_ell,f_lt_shex,f_win,mean_P,mean_P_over_6,p6,p5p7,mean_q,q_peak,S_peak,q_argmax,sq_T,sq_T_rel,S_q11,q_near_11,S_q11_over_Speak
3.75,0.01086389,cold,98304,0.6410737666999999,0.637691144849961,0.1556427121321077,0.665,0.4484049479166667,0.3653767903645833,3.826146869098541,0.6376911448497569,0.9712023788606741,0.028775675912921347,3.8280127078202244,6.734383,4.486425,6.734383,0.01499281,0.2753933385402737,1.837241561794346,11.682797680537014,0.40951126159343937
3.75,0.1507937,hot,98304,0.68001138335,0.682086281550287,0.29570810390671126,0.725,0.4250996907552083,0.18351236979166666,4.092517689301422,0.682086281550237,0.5201566513246575,0.44279082833835615,4.119890036945206,6.030166,1.469963,6.030166,0.1507937,0.0,1.0298617808029684,11.682797680537014,0.7006038796915082
3.775,0.00843176,cold,98304,0.6416289471500001,0.6385228142876245,0.16063423357447515,0.635,0.4486083984375,0.3545125325520833,3.8311368857252805,0.6385228142875468,0.957234243333708,0.04267248946629214,3.832861818011236,6.743936,4.752314,6.743936,0.01135263,0.25728575669250214,1.9270613261344647,11.682797680537014,0.4054995789702584
3.775,0.11789975,hot,98304,0.6771792401000001,0.6774423836793054,0.2866143354222062,0.645,0.4265645345052083,0.18842569986979166,4.0646543020762325,0.677442383679372,0.5384337542835615,0.43277437392876716,4.086612048835617,6.098323,1.520096,6.098323,0.12396405,0.04891982796625319,1.0045575934603486,11.682797680537014,0.6608514156081909
3.8,0.00422529,cold,98304,0.64111212715,0.6379996252851279,0.16161328026877,0.655,0.450836181640625,0.35064697265625,3.827997751712189,0.6379996252853648,0.9459790861966291,0.05400719803370786,3.82891439358427,6.724552,4.68226,6.724552,0.00796442,0.4694792590044222,1.7317139516046927,11.682797680537014,0.3698457479090637
3.8,0.16398067,hot,98304,0.6850274581,0.6890606783625395,0.3076611976849521,0.765,0.4236043294270833,0.17509969075520834,4.134364070179443,0.6890606783632406,0.4953713613013699,0.4609843214945206,4.165696049109589,6.092214,1.475837,6.092214,0.13345388,0.18616090542867034,1.019083000185787,11.682797680537014,0.6905118926993881
3.815,0.00297748,cold,98304,0.64247778705,0.6386445509998191,0.16224886332764427,0.645,0.4482014973958333,0.3458353678385417,3.831867306000031,0.6386445510000052,0.9657105863764045,0.03428392731741573,3.832913055348315,6.745829,4.391094,6.745829,0.00526263,0.43422205247186296,1.9381887079468894,11.682797680537014,0.4413908488287633
3.815,0.16265453,hot,98304,0.68584759225,0.69014696677917,0.30983174624063536,0.695,0.422637939453125,0.175689697265625,4.140881800672821,0.6901469667788035,0.49479612586164395,0.46068332619315067,4.1720855735205475,6.044919,1.482579,6.044919,0.12622191,0.22398773646205858,1.0154915032279601,11.682797680537014,0.6849493370862262
3.825,0.00172962,cold,98304,0.64344869205,0.6390292197979163,0.16872589304903976,0.655,0.4471537272135417,0.3318277994791667,3.8341753187888488,0.6390292197981414,0.9468157478786516,0.053184252106741575,3.8347647397865163,6.740712,6.722262,6.740712,0.00260712,0.3365782932891466,2.0406889680077915,11.682797680537014,0.30357176914672346
3.825,0.15936938,hot,98304,0.6867465096500001,0.6901215327330147,0.30941008675001974,0.695,0.4225260416666667,0.17311604817708334,4.140729196397553,0.6901215327329254,0.4978896885657534,0.45904457406027394,4.173732405643835,6.096854,1.487826,6.096854,0.12355752,0.2247097905507319,0.9984531848187479,11.682797680537014,0.671081957714644
3.85,0.000825,cold,98304,0.6479092306,0.6422036277787729,0.18912414690621238,0.665,0.4462076822916667,0.2862752278645833,3.8532217666757203,0.6422036277792867,0.8906634041370787,0.10933659586292134,3.8537286871123597,6.701229,2.910691,6.701229,0.00163685,0.4959831383449919,1.3886461440120785,11.682797680537014,0.47708470050997465
3.85,0.0988608,hot,98304,0.6788639426,0.6800235369802881,0.2928461873526281,0.665,0.4273478190104167,0.18543497721354166,4.080141221880462,0.680023536980077,0.5344171393410958,0.4371789383561644,4.100489104726027,6.143335,1.509736,6.143335,0.0988608,0.0,1.0198426398478326,11.682797680537014,0.6755105792322847
