p0,T,batch,tauAlphaEst,tauBlock,nReplica,nSamp,sigmaIso_mean,sigmaIso_std
3.750,0.16952498,fill,10,1000,10,100,1.6252046,0.0035976033
3.750,0.1507937,2,10,1000,10,100,1.5230508,0.0044816329
3.750,0.09518981,2,21.5443,1000,10,100,1.1700008,0.0040819838
3.750,0.05939491,2,46.4159,1000,10,100,0.89621665,0.0026466688
3.750,0.03830322,2,100,1000,10,100,0.70044356,0.0023461002
3.750,0.02871607,2,215.443,1000,10,100,0.59253663,0.001439695
3.750,0.021317,2,464.159,1000,10,100,0.49473567,0.0012777703
3.750,0.0173726,2,1000,1000,10,100,0.42960268,0.0026863886
3.750,0.016527131,fill,4641.59,4641.59,10,100,0.41214148,0.0015284258
3.750,0.01513379,2,2154.43,2154.43,10,100,0.38402626,0.0030041237
3.750,0.01508705,6,4641.59,4641.59,10,100,0.38216997,0.0026672014
3.750,0.01499281,5,10000,10000,10,100,0.37525686,0.0041953398
3.775,0.13638536,fill,10,1000,10,100,1.3877329,0.003355084
3.775,0.12396405,6,10,1000,10,100,1.3120835,0.0054568404
3.775,0.07946596,2,21.5443,1000,10,100,1.0090959,0.0022856406
3.775,0.05356109,2,46.4159,1000,10,100,0.80061708,0.0030446624
3.775,0.03610087,2,100,1000,10,100,0.63230072,0.0022226793
3.775,0.02445457,2,215.443,1000,10,100,0.4968258,0.0014511809
3.775,0.0182283,2,464.159,1000,10,100,0.40919834,0.00055157016
3.775,0.01531428,3,1000,1000,10,100,0.36251006,0.0020287863
3.775,0.01305204,3,2154.43,2154.43,10,100,0.31806604,0.0025464389
3.775,0.01235791,4,4641.59,4641.59,10,100,0.30341779,0.0028910921
3.775,0.01135263,5,10000,10000,10,100,0.27571138,0.0023827687
3.800,0.13345388,fill,10,1000,10,100,1.3261711,0.0050563217
3.800,0.11665069,6,10,1000,10,100,1.2177009,0.0022380366
3.800,0.08400365,2,21.5443,1000,10,100,0.99997884,0.0026051741
3.800,0.04493352,2,46.4159,1000,10,100,0.677881,0.002324923
3.800,0.03119342,2,100,1000,10,100,0.5377397,0.0017310708
3.800,0.01973598,2,215.443,1000,10,100,0.39624254,0.0025272961
3.800,0.01365467,2,464.159,1000,10,100,0.30359785,0.0015050608
3.800,0.01157466,3,1000,1000,10,100,0.26770292,0.0013295015
3.800,0.00961925,3,2154.43,2154.43,10,100,0.22762876,0.0023813668
3.800,0.00876128,4,4641.59,4641.59,10,100,0.20939275,0.0016455911
3.800,0.00796442,4,10000,10000,10,100,0.18628361,0.00090603327
3.815,0.12622191,fill,10,1000,10,100,1.2528534,0.0017338752
3.815,0.10562311,3,10,1000,10,100,1.1214084,0.0024305735
3.815,0.09749689,2,21.5443,1000,10,100,1.0692452,0.0032124427
3.815,0.05607261,2,46.4159,1000,10,100,0.75310369,0.0030086686
3.815,0.03205711,2,100,1000,10,100,0.52371975,0.0024206437
3.815,0.02008463,2,215.443,1000,10,100,0.37998162,0.0011390061
3.815,0.01273808,2,464.159,1000,10,100,0.27140527,0.0013748343
3.815,0.00881879,2,1000,1000,10,100,0.20069471,0.0013692813
3.815,0.00829312,3,2154.43,2154.43,10,100,0.18950789,0.0010913642
3.815,0.0068171315,fill,10000,10000,10,100,0.15529985,0.0016620831
3.815,0.0060978,3,4641.59,4641.59,10,100,0.13912126,0.0016792214
3.815,0.00526263,5,10000,10000,10,100,0.11658129,0.0017148284
3.825,0.12355752,fill,10,1000,10,100,1.2174007,0.0034663703
3.825,0.10321059,4,10,1000,10,100,1.090005,0.0027934174
3.825,0.06529403,2,21.5443,1000,10,100,0.81273644,0.0041975639
3.825,0.04506436,2,46.4159,1000,10,100,0.6377704,0.0019141886
3.825,0.02759231,2,100,1000,10,100,0.4605129,0.0011871969
3.825,0.01691592,2,215.443,1000,10,100,0.3233587,0.00086735177
3.825,0.01083597,2,464.159,1000,10,100,0.22903588,0.0013265749
3.825,0.0085038,3,1000,1000,10,100,0.18688044,0.00097935645
3.825,0.00687376,3,2154.43,2154.43,10,100,0.15375092,0.0012352426
3.825,0.0057681,3,4641.59,4641.59,10,100,0.12873583,0.00066508698
3.825,0.00260712,2,10000,10000,10,100,0.052731093,0.00086192423
3.850,0.11421505,fill,10,1000,10,100,1.1164479,0.0043794171
3.850,0.0988608,2,10,1000,10,100,1.0153116,0.0018871998
3.850,0.0636712,2,21.5443,1000,10,100,0.76015068,0.0024527269
3.850,0.04100738,2,46.4159,1000,10,100,0.56226054,0.0024157944
3.850,0.0239427,2,100,1000,10,100,0.38262791,0.0020197307
3.850,0.01212699,3,215.443,1000,10,100,0.22454008,0.001061557
3.850,0.00826466,2,464.159,1000,10,100,0.16183437,0.001155267
3.850,0.00476227,3,1000,1000,10,100,0.096815146,0.00080436887
3.850,0.00373261,4,2154.43,2154.43,10,100,0.075386504,0.00055534555
3.850,0.0025044372,fill,10000,10000,10,100,0.048774061,0.0010362431
3.850,0.00227471,4,4641.59,4641.59,10,100,0.044077625,0.00062031973
3.850,0.00163685,4,10000,10000,10,100,0.029548655,0.0007708017
