p0,T,t1,tauAlpha,tauAlphaEst,waitingTime,kept
3.75,0.01421639,0.001,36340.02995536662,10000.0,100000.0,1
3.75,0.01499281,0.001,,4641.59,46416.0,0
3.75,0.01652401,0.001,,2154.43,21544.0,0
3.75,0.01852603,0.001,,1000.0,10000.0,0
3.75,0.02197788,0.001,3635.573618636128,464.159,10000.0,0
3.75,0.02929316,0.001,2090.5989838517144,215.443,10000.0,0
3.75,0.0387112,0.001,1104.3748403946047,100.0,10000.0,0
3.75,0.0563501,0.001,590.6123604276368,46.4159,10000.0,0
3.75,0.08719936,0.001,305.4148690970921,21.5443,10000.0,0
3.75,0.16398674,0.001,154.16708884532537,10.0,10000.0,0
3.75,0.01421639,0.0015,,10000.0,100000.0,0
3.75,0.01499281,0.0015,21441.933912863507,4641.59,46416.0,1
3.75,0.01652401,0.0015,9064.544771885237,2154.43,21544.0,1
3.75,0.01852603,0.0015,,1000.0,10000.0,0
3.75,0.02197788,0.0015,2789.4180844541092,464.159,10000.0,0
3.75,0.02929316,0.0015,1228.8707556322838,215.443,10000.0,0
3.75,0.0387112,0.0015,607.2334212293008,100.0,10000.0,0
3.75,0.0563501,0.0015,340.4675389962068,46.4159,10000.0,0
3.75,0.08719936,0.0015,151.79474762380542,21.5443,10000.0,0
3.75,0.16398674,0.0015,78.56196480147939,10.0,10000.0,0
3.75,0.01421639,0.0022,25764.932524066557,10000.0,100000.0,1
3.75,0.01499281,0.0022,11974.124385553596,4641.59,46416.0,1
3.75,0.01652401,0.0022,7748.577213419646,2154.43,21544.0,1
3.75,0.01852603,0.0022,3348.788287145884,1000.0,10000.0,1
3.75,0.02197788,0.0022,1898.2742836096097,464.159,10000.0,1
3.75,0.02929316,0.0022,857.8605411445498,215.443,10000.0,1
3.75,0.0387112,0.0022,428.4200836040124,100.0,10000.0,1
3.75,0.0563501,0.0022,213.05971908112863,46.4159,10000.0,1
3.75,0.08719936,0.0022,112.61499975377757,21.5443,10000.0,0
3.75,0.16398674,0.0022,50.66545409369345,10.0,10000.0,0
3.75,0.01421639,0.0032,27308.49800440992,10000.0,100000.0,1
3.75,0.01499281,0.0032,11698.971458063797,4641.59,46416.0,1
3.75,0.01652401,0.0032,4612.8466460140535,2154.43,21544.0,1
3.75,0.01852603,0.0032,2614.637969188906,1000.0,10000.0,1
3.75,0.02197788,0.0032,1417.284154465174,464.159,10000.0,1
3.75,0.02929316,0.0032,584.3124873041675,215.443,10000.0,1
3.75,0.0387112,0.0032,273.81877710687723,100.0,10000.0,1
3.75,0.0563501,0.0032,151.78686218253307,46.4159,10000.0,1
3.75,0.08719936,0.0032,64.43125544265902,21.5443,10000.0,1
3.75,0.16398674,0.0032,27.090669527951924,10.0,10000.0,1
3.75,0.01421639,0.0046,20806.855737686816,10000.0,100000.0,1
3.75,0.01499281,0.0046,8291.9284629509,4641.59,46416.0,1
3.75,0.01652401,0.0046,2986.043538731234,2154.43,21544.0,1
3.75,0.01852603,0.0046,2057.175285633092,1000.0,10000.0,1
3.75,0.02197788,0.0046,797.5079765446103,464.159,10000.0,1
3.75,0.02929316,0.0046,414.74447495966274,215.443,10000.0,1
3.75,0.0387112,0.0046,190.37625466657477,100.0,10000.0,1
3.75,0.0563501,0.0046,103.5741811761939,46.4159,10000.0,1
3.75,0.08719936,0.0046,49.99580238688897,21.5443,10000.0,1
3.75,0.16398674,0.0046,20.97887167177117,10.0,10000.0,1
3.75,0.01421639,0.0068,36331.44235262764,10000.0,100000.0,1
3.75,0.01499281,0.0068,5353.102093913145,4641.59,46416.0,1
3.75,0.01652401,0.0068,2886.249775901687,2154.43,21544.0,1
3.75,0.01852603,0.0068,1203.3107286005938,1000.0,10000.0,1
3.75,0.02197788,0.0068,582.4654475417086,464.159,10000.0,1
3.75,0.02929316,0.0068,263.6414203538028,215.443,10000.0,1
3.75,0.0387112,0.0068,139.81009739731041,100.0,10000.0,1
3.75,0.0563501,0.0068,73.43225750663147,46.4159,10000.0,1
3.75,0.08719936,0.0068,33.484875400480156,21.5443,10000.0,1
3.75,0.16398674,0.0068,13.148451322227857,10.0,10000.0,1
3.75,0.01421639,0.02,4355.331712948834,10000.0,100000.0,1
3.75,0.01499281,0.02,2160.375967396473,4641.59,46416.0,1
3.75,0.01652401,0.02,777.9772280203242,2154.43,21544.0,1
3.75,0.01852603,0.02,413.36226856997513,1000.0,10000.0,1
3.75,0.02197788,0.02,206.65295817667683,464.159,10000.0,1
3.75,0.02929316,0.02,98.65692723857416,215.443,10000.0,1
3.75,0.0387112,0.02,57.84683451359895,100.0,10000.0,1
3.75,0.0563501,0.02,27.671287554788417,46.4159,10000.0,1
3.75,0.08719936,0.02,11.721171718397889,21.5443,10000.0,1
3.75,0.16398674,0.02,1.8590802250830152,10.0,10000.0,1
3.75,0.01421639,0.03,1718.5736906361606,10000.0,100000.0,1
3.75,0.01499281,0.03,1062.9248910926683,4641.59,46416.0,1
3.75,0.01652401,0.03,560.1271122233416,2154.43,21544.0,1
3.75,0.01852603,0.03,273.60333505713703,1000.0,10000.0,1
3.75,0.02197788,0.03,185.0037047109827,464.159,10000.0,1
3.75,0.02929316,0.03,65.17680320183102,215.443,10000.0,1
3.75,0.0387112,0.03,40.65211152773591,100.0,10000.0,1
3.75,0.0563501,0.03,18.472783985325226,46.4159,10000.0,1
3.75,0.08719936,0.03,9.333941151947647,21.5443,10000.0,1
3.75,0.16398674,0.03,1.800102093136935,10.0,10000.0,1
3.75,0.01421639,0.04,26925.411430615906,10000.0,100000.0,1
3.75,0.01499281,0.04,,4641.59,46416.0,0
3.75,0.01652401,0.04,,2154.43,21544.0,0
3.75,0.01852603,0.04,,1000.0,10000.0,0
3.75,0.02197788,0.04,,464.159,10000.0,0
3.75,0.02929316,0.04,1398.379562989801,215.443,10000.0,0
3.75,0.0387112,0.04,190.70486167811106,100.0,10000.0,1
3.75,0.0563501,0.04,38.69326863985432,46.4159,10000.0,1
3.75,0.08719936,0.04,10.612019279209866,21.5443,10000.0,1
3.75,0.16398674,0.04,1.6548722186703535,10.0,10000.0,1
3.75,0.01421639,0.05,35062.77394855602,10000.0,100000.0,1
3.75,0.01499281,0.05,,4641.59,46416.0,0
3.75,0.01652401,0.05,,2154.43,21544.0,0
3.75,0.01852603,0.05,,1000.0,10000.0,0
3.75,0.02197788,0.05,,464.159,10000.0,0
3.75,0.02929316,0.05,,215.443,10000.0,0
3.75,0.0387112,0.05,3985.3944775697632,100.0,10000.0,0
3.75,0.0563501,0.05,387.07163827194506,46.4159,10000.0,0
3.75,0.08719936,0.05,26.980455427481775,21.5443,10000.0,1
3.75,0.16398674,0.05,2.0715490072579863,10.0,10000.0,1
3.75,0.01421639,0.06,,10000.0,100000.0,0
3.75,0.01499281,0.06,,4641.59,46416.0,0
3.75,0.01652401,0.06,,2154.43,21544.0,0
3.75,0.01852603,0.06,,1000.0,10000.0,0
3.75,0.02197788,0.06,,464.159,10000.0,0
3.75,0.02929316,0.06,,215.443,10000.0,0
3.75,0.0387112,0.06,,100.0,10000.0,0
3.75,0.0563501,0.06,1540.8698057484166,46.4159,10000.0,0
3.75,0.08719936,0.06,61.81961138424063,21.5443,10000.0,1
3.75,0.16398674,0.06,2.2131284626363503,10.0,10000.0,1
3.775,0.01135263,0.001,,10000.0,100000.0,0
3.775,0.01265623,0.001,18306.098384561043,4641.59,46416.0,1
3.775,0.01344977,0.001,,2154.43,21544.0,0
3.775,0.01509788,0.001,,1000.0,10000.0,0
3.775,0.01852515,0.001,4431.327723322337,464.159,10000.0,0
3.775,0.02343962,0.001,2524.48205098407,215.443,10000.0,0
3.775,0.03315978,0.001,1083.6462279893178,100.0,10000.0,0
3.775,0.05158933,0.001,622.0403366534129,46.4159,10000.0,0
3.775,0.08784725,0.001,262.8304612715747,21.5443,10000.0,0
3.775,0.15774637,0.001,144.8670055111013,10.0,10000.0,0
3.775,0.01135263,0.0015,24693.179704369773,10000.0,100000.0,1
3.775,0.01265623,0.0015,17977.810688656155,4641.59,46416.0,1
3.775,0.01344977,0.0015,9224.618320895152,2154.43,21544.0,1
3.775,0.01509788,0.0015,,1000.0,10000.0,0
3.775,0.01852515,0.0015,2654.812473104891,464.159,10000.0,0
3.775,0.02343962,0.0015,1430.7721493761521,215.443,10000.0,0
3.775,0.03315978,0.0015,701.4495011384205,100.0,10000.0,0
3.775,0.05158933,0.0015,304.1518937490264,46.4159,10000.0,0
3.775,0.08784725,0.0015,140.98357662716847,21.5443,10000.0,0
3.775,0.15774637,0.0015,77.17334026314434,10.0,10000.0,0
3.775,0.01135263,0.0022,26102.647362318316,10000.0,100000.0,1
3.775,0.01265623,0.0022,15765.816587655752,4641.59,46416.0,1
3.775,0.01344977,0.0022,8322.147594526146,2154.43,21544.0,1
3.775,0.01509788,0.0022,3073.8414288747667,1000.0,10000.0,1
3.775,0.01852515,0.0022,2084.7773359676667,464.159,10000.0,1
3.775,0.02343962,0.0022,1010.9821341256219,215.443,10000.0,1
3.775,0.03315978,0.0022,490.22280613279946,100.0,10000.0,1
3.775,0.05158933,0.0022,205.05570510789033,46.4159,10000.0,1
3.775,0.08784725,0.0022,95.93023275631235,21.5443,10000.0,1
3.775,0.15774637,0.0022,48.14992130240028,10.0,10000.0,1
3.775,0.01135263,0.0032,25394.35142561411,10000.0,100000.0,1
3.775,0.01265623,0.0032,6116.888727204402,4641.59,46416.0,1
3.775,0.01344977,0.0032,4630.291495961364,2154.43,21544.0,1
3.775,0.01509788,0.0032,2724.5220219414423,1000.0,10000.0,1
3.775,0.01852515,0.0032,1314.3604385104823,464.159,10000.0,1
3.775,0.02343962,0.0032,662.7368117581665,215.443,10000.0,1
3.775,0.03315978,0.0032,330.85508874467087,100.0,10000.0,1
3.775,0.05158933,0.0032,169.42119125780496,46.4159,10000.0,1
3.775,0.08784725,0.0032,65.11179758402092,21.5443,10000.0,1
3.775,0.15774637,0.0032,26.834110344208685,10.0,10000.0,1
3.775,0.01135263,0.0046,24826.140588791397,10000.0,100000.0,1
3.775,0.01265623,0.0046,6832.781403178748,4641.59,46416.0,1
3.775,0.01344977,0.0046,3709.7452429418695,2154.43,21544.0,1
3.775,0.01509788,0.0046,1658.3504941793622,1000.0,10000.0,1
3.775,0.01852515,0.0046,938.5222628737858,464.159,10000.0,1
3.775,0.02343962,0.0046,465.5623128300909,215.443,10000.0,1
3.775,0.03315978,0.0046,215.99527498189659,100.0,10000.0,1
3.775,0.05158933,0.0046,88.16679811649153,46.4159,10000.0,1
3.775,0.08784725,0.0046,47.74683324365045,21.5443,10000.0,1
3.775,0.15774637,0.0046,20.625061426174085,10.0,10000.0,1
3.775,0.01135263,0.0068,11321.846522141703,10000.0,100000.0,1
3.775,0.01265623,0.0068,4163.2628195938405,4641.59,46416.0,1
3.775,0.01344977,0.0068,2684.2204994342255,2154.43,21544.0,1
3.775,0.01509788,0.0068,1190.4959738081018,1000.0,10000.0,1
3.775,0.01852515,0.0068,717.3499074115724,464.159,10000.0,1
3.775,0.02343962,0.0068,340.32424309109877,215.443,10000.0,1
3.775,0.03315978,0.0068,134.8647645050388,100.0,10000.0,1
3.775,0.05158933,0.0068,63.41093556341231,46.4159,10000.0,1
3.775,0.08784725,0.0068,32.92830331920168,21.5443,10000.0,1
3.775,0.15774637,0.0068,14.247281821586473,10.0,10000.0,1
3.775,0.01135263,0.02,3800.422352815716,10000.0,100000.0,1
3.775,0.01265623,0.02,1244.8754458268556,4641.59,46416.0,1
3.775,0.01344977,0.02,761.3269182501491,2154.43,21544.0,1
3.775,0.01509788,0.02,479.50552155192037,1000.0,10000.0,1
3.775,0.01852515,0.02,242.6125983651963,464.159,10000.0,1
3.775,0.02343962,0.02,125.03431973406609,215.443,10000.0,1
3.775,0.03315978,0.02,56.947750040784484,100.0,10000.0,1
3.775,0.05158933,0.02,25.801989155217772,46.4159,10000.0,1
3.775,0.08784725,0.02,10.818315487948139,21.5443,10000.0,1
3.775,0.15774637,0.02,1.9515620499867634,10.0,10000.0,1
3.775,0.01135263,0.03,1419.2788874138187,10000.0,100000.0,1
3.775,0.01265623,0.03,767.0695171940501,4641.59,46416.0,1
3.775,0.01344977,0.03,535.9898107362291,2154.43,21544.0,1
3.775,0.01509788,0.03,329.92826794992175,1000.0,10000.0,1
3.775,0.01852515,0.03,156.69139855350568,464.159,10000.0,1
3.775,0.02343962,0.03,98.99075476823482,215.443,10000.0,1
3.775,0.03315978,0.03,39.75962937944094,100.0,10000.0,1
3.775,0.05158933,0.03,17.06606181910021,46.4159,10000.0,1
3.775,0.08784725,0.03,7.295686220529576,21.5443,10000.0,1
3.775,0.15774637,0.03,1.7780196434072202,10.0,10000.0,1
3.775,0.01135263,0.04,41848.676992958885,10000.0,100000.0,1
3.775,0.01265623,0.04,,4641.59,46416.0,0
3.775,0.01344977,0.04,,2154.43,21544.0,0
3.775,0.01509788,0.04,,1000.0,10000.0,0
3.775,0.01852515,0.04,,464.159,10000.0,0
3.775,0.02343962,0.04,2772.684656823335,215.443,10000.0,0
3.775,0.03315978,0.04,262.8702796800928,100.0,10000.0,1
3.775,0.05158933,0.04,27.880887118479627,46.4159,10000.0,1
3.775,0.08784725,0.04,8.37415037551881,21.5443,10000.0,1
3.775,0.15774637,0.04,1.6686312087683537,10.0,10000.0,1
3.775,0.01135263,0.05,,10000.0,100000.0,0
3.775,0.01265623,0.05,,4641.59,46416.0,0
3.775,0.01344977,0.05,,2154.43,21544.0,0
3.775,0.01509788,0.05,,1000.0,10000.0,0
3.775,0.01852515,0.05,,464.159,10000.0,0
3.775,0.02343962,0.05,,215.443,10000.0,0
3.775,0.03315978,0.05,,100.0,10000.0,0
3.775,0.05158933,0.05,326.84558350654856,46.4159,10000.0,0
3.775,0.08784725,0.05,16.17704093282232,21.5443,10000.0,1
3.775,0.15774637,0.05,1.7862039079897187,10.0,10000.0,1
3.775,0.01135263,0.06,36442.96978724135,10000.0,100000.0,1
3.775,0.01265623,0.06,,4641.59,46416.0,0
3.775,0.01344977,0.06,,2154.43,21544.0,0
3.775,0.01509788,0.06,,1000.0,10000.0,0
3.775,0.01852515,0.06,,464.159,10000.0,0
3.775,0.02343962,0.06,,215.443,10000.0,0
3.775,0.03315978,0.06,,100.0,10000.0,0
3.775,0.05158933,0.06,1399.9617817717622,46.4159,10000.0,0
3.775,0.08784725,0.06,25.23173697727362,21.5443,10000.0,1
3.775,0.15774637,0.06,1.9592587943935582,10.0,10000.0,1
3.8,0.00804331,0.001,41643.68433117712,10000.0,100000.0,1
3.8,0.00857386,0.001,22104.55865759699,4641.59,41774.0,1
3.8,0.00972763,0.001,12291.879525611663,2154.43,19390.0,1
3.8,0.01138609,0.001,6540.058871597242,1000.0,7000.0,1
3.8,0.0145279,0.001,4453.301277081482,464.159,9000.0,1
3.8,0.01950438,0.001,2118.5170462859137,215.443,12000.0,1
3.8,0.02908965,0.001,1155.6053052035006,100.0,13000.0,1
3.8,0.04732642,0.001,582.2915906999474,46.4159,14000.0,1
3.8,0.07997788,0.001,266.4493194370638,21.5443,14000.0,1
3.8,0.10807693,0.001,215.63957403715062,10.0,14000.0,1
3.8,0.00804331,0.0015,35215.78728337567,10000.0,110000.0,1
3.8,0.00857386,0.0015,21405.554786202276,4641.59,46416.0,1
3.8,0.00972763,0.0015,9538.632912701512,2154.43,19390.0,1
3.8,0.01138609,0.0015,5339.505650784238,1000.0,9000.0,1
3.8,0.0145279,0.0015,2582.4854965328122,464.159,11000.0,1
3.8,0.01950438,0.0015,1454.6491185013792,215.443,13000.0,1
3.8,0.02908965,0.0015,684.0063513212847,100.0,14000.0,1
3.8,0.04732642,0.0015,328.0750317811878,46.4159,14000.0,1
3.8,0.07997788,0.0015,148.81858879797826,21.5443,14000.0,1
3.8,0.10807693,0.0015,103.95721966261864,10.0,14000.0,1
3.8,0.00804331,0.0022,22828.46319494014,10000.0,120000.0,1
3.8,0.00857386,0.0022,11445.928601539787,4641.59,51057.0,1
3.8,0.00972763,0.0022,9514.065840933748,2154.43,21544.0,1
3.8,0.01138609,0.0022,3543.855588922639,1000.0,11000.0,1
3.8,0.0145279,0.0022,2173.9845154457275,464.159,12000.0,1
3.8,0.01950438,0.0022,987.2724464560257,215.443,14000.0,1
3.8,0.02908965,0.0022,473.15427642266314,100.0,14000.0,1
3.8,0.04732642,0.0022,207.06617718767885,46.4159,14000.0,1
3.8,0.07997788,0.0022,96.35676428025718,21.5443,14000.0,1
3.8,0.10807693,0.0022,63.79127896637186,10.0,14000.0,1
3.8,0.00804331,0.0032,21437.2489623952,10000.0,120000.0,1
3.8,0.00857386,0.0032,12536.255222350783,4641.59,55699.0,1
3.8,0.00972763,0.0032,5920.144436145426,2154.43,23699.0,1
3.8,0.01138609,0.0032,3318.3173651246275,1000.0,11000.0,1
3.8,0.0145279,0.0032,1591.5609811837098,464.159,13000.0,1
3.8,0.01950438,0.0032,725.4952710550109,215.443,14000.0,1
3.8,0.02908965,0.0032,296.630674353304,100.0,14000.0,1
3.8,0.04732642,0.0032,149.53038826070062,46.4159,14000.0,1
3.8,0.07997788,0.0032,72.1072709930135,21.5443,14000.0,1
3.8,0.10807693,0.0032,47.27500523534132,10.0,14000.0,1
3.8,0.00804331,0.0046,16278.849353803724,10000.0,130000.0,1
3.8,0.00857386,0.0046,10783.744813504005,4641.59,55699.0,1
3.8,0.00972763,0.0046,3965.4985272557765,2154.43,25853.0,1
3.8,0.01138609,0.0046,1937.6234914266577,1000.0,13000.0,1
3.8,0.0145279,0.0046,909.6698910713517,464.159,14000.0,1
3.8,0.01950438,0.0046,532.1770244294287,215.443,14000.0,1
3.8,0.02908965,0.0046,235.6726841232631,100.0,14000.0,1
3.8,0.04732642,0.0046,100.44906596573728,46.4159,14000.0,1
3.8,0.07997788,0.0046,50.259994082257215,21.5443,14000.0,1
3.8,0.10807693,0.0046,33.87377653138539,10.0,14000.0,1
3.8,0.00804331,0.0068,15738.223410944911,10000.0,130000.0,1
3.8,0.00857386,0.0068,6468.084886074572,4641.59,60341.0,1
3.8,0.00972763,0.0068,3740.9580019485084,2154.43,28007.0,1
3.8,0.01138609,0.0068,1484.3317837828274,1000.0,13000.0,1
3.8,0.0145279,0.0068,617.3259114707877,464.159,14000.0,1
3.8,0.01950438,0.0068,320.346737258868,215.443,14000.0,1
3.8,0.02908965,0.0068,147.87697607110871,100.0,14000.0,1
3.8,0.04732642,0.0068,72.1842138144929,46.4159,14000.0,1
3.8,0.07997788,0.0068,30.890406116585392,21.5443,14000.0,1
3.8,0.10807693,0.0068,19.36665170381911,10.0,14000.0,1
3.8,0.00804331,0.02,3967.5869006603566,10000.0,140000.0,1
3.8,0.00857386,0.02,2886.647480993279,4641.59,64982.0,1
3.8,0.00972763,0.02,1153.656827685295,2154.43,30162.0,1
3.8,0.01138609,0.02,563.6289886308475,1000.0,14000.0,1
3.8,0.0145279,0.02,251.55981044679987,464.159,14000.0,1
3.8,0.01950438,0.02,123.78927033494405,215.443,14000.0,1
3.8,0.02908965,0.02,61.07948596311668,100.0,14000.0,1
3.8,0.04732642,0.02,23.85357115858861,46.4159,14000.0,1
3.8,0.07997788,0.02,11.368862023764649,21.5443,14000.0,1
3.8,0.10807693,0.02,7.689286506395561,10.0,14000.0,1
3.8,0.00804331,0.03,1782.4534933568677,10000.0,140000.0,1
3.8,0.00857386,0.03,1163.7427911966247,4641.59,64982.0,1
3.8,0.00972763,0.03,609.2287893127893,2154.43,30162.0,1
3.8,0.01138609,0.03,405.9863581418154,1000.0,14000.0,1
3.8,0.0145279,0.03,199.3196775226727,464.159,14000.0,1
3.8,0.01950438,0.03,91.7665929625085,215.443,14000.0,1
3.8,0.02908965,0.03,40.02225884636034,100.0,14000.0,1
3.8,0.04732642,0.03,19.61841791296345,46.4159,14000.0,1
3.8,0.07997788,0.03,7.646757928334943,21.5443,14000.0,1
3.8,0.10807693,0.03,5.625056646570713,10.0,14000.0,1
3.8,0.00804331,0.04,9641.318488097375,10000.0,3000.0,1
3.8,0.00857386,0.04,3231.3811012825704,4641.59,3000.0,1
3.8,0.00972763,0.04,523.6427999671662,2154.43,1000.0,1
3.8,0.01138609,0.04,8499.304989187176,1000.0,6000.0,1
3.8,0.0145279,0.04,5862.310162931108,464.159,8000.0,1
3.8,0.01950438,0.04,2480.4594877935224,215.443,12000.0,1
3.8,0.02908965,0.04,498.0052888511664,100.0,14000.0,1
3.8,0.04732642,0.04,39.45054183491449,46.4159,14000.0,1
3.8,0.07997788,0.04,11.25789271510324,21.5443,14000.0,1
3.8,0.10807693,0.04,6.266724815562027,10.0,14000.0,1
3.8,0.0145279,0.05,9224.571494302518,464.159,1000.0,1
3.8,0.01950438,0.05,6210.784901078647,215.443,8000.0,1
3.8,0.02908965,0.05,2576.32392242089,100.0,11000.0,1
3.8,0.04732642,0.05,396.4875289596438,46.4159,14000.0,1
3.8,0.07997788,0.05,21.52178768431053,21.5443,14000.0,1
3.8,0.10807693,0.05,7.279101238087187,10.0,14000.0,1
3.8,0.00857386,0.06,13914.453986027105,4641.59,0.0,1
3.8,0.01950438,0.06,11688.913161120185,215.443,2000.0,1
3.8,0.02908965,0.06,3585.8650677812952,100.0,10000.0,1
3.8,0.04732642,0.06,1149.0211593873023,46.4159,13000.0,1
3.8,0.07997788,0.06,38.451231568330726,21.5443,14000.0,1
3.8,0.10807693,0.06,7.149356908650113,10.0,14000.0,1
3.8,0.00857386,0.07,12578.626471581636,4641.59,1000.0,1
3.8,0.00972763,0.07,12279.835113233463,2154.43,2000.0,1
3.8,0.01138609,0.07,12228.00227850339,1000.0,2000.0,1
3.8,0.0145279,0.07,9514.421331517131,464.159,5000.0,1
3.8,0.01950438,0.07,7544.608902858144,215.443,3000.0,1
3.8,0.02908965,0.07,2162.229280582346,100.0,10000.0,1
3.8,0.04732642,0.07,555.770345953071,46.4159,14000.0,1
3.8,0.07997788,0.07,25.78109331136731,21.5443,0.0,1
3.8,0.10807693,0.07,2.607290215064685,10.0,13000.0,1
3.8,0.00857386,0.08,5616.781169227691,4641.59,9000.0,1
3.8,0.00972763,0.08,5571.497270580157,2154.43,0.0,1
3.8,0.01138609,0.08,5779.63601970497,1000.0,8000.0,1
3.8,0.0145279,0.08,7055.072563075053,464.159,7000.0,1
3.8,0.01950438,0.08,3113.0273851150887,215.443,10000.0,1
3.8,0.02908965,0.08,624.6955493579665,100.0,3000.0,1
3.8,0.04732642,0.08,140.14533937611182,46.4159,0.0,1
3.8,0.07997788,0.08,6.755725901639712,21.5443,0.0,1
3.8,0.10807693,0.08,1.2859596058570033,10.0,1000.0,1
3.8,0.00804331,0.09,1850.612620115635,10000.0,13000.0,1
3.8,0.00857386,0.09,9805.379608090368,4641.59,5000.0,1
3.8,0.00972763,0.09,3234.0526208999004,2154.43,3000.0,1
3.8,0.01138609,0.09,4419.439665193859,1000.0,10000.0,1
3.8,0.0145279,0.09,1636.0639843912581,464.159,13000.0,1
3.8,0.02908965,0.09,321.75301117499646,100.0,0.0,1
3.8,0.10807693,0.09,0.9936060192729047,10.0,0.0,1
3.8,0.01138609,0.1,737.4195459542195,1000.0,1000.0,1
3.8,0.0145279,0.1,396.1109722481698,464.159,0.0,1
3.8,0.01950438,0.1,248.29364925006502,215.443,0.0,1
3.815,0.00526263,0.001,,10000.0,100000.0,0
3.815,0.00652689,0.001,,4641.59,46416.0,0
3.815,0.00772835,0.001,,2154.43,21544.0,0
3.815,0.00940991,0.001,,1000.0,10000.0,0
3.815,0.01295838,0.001,4413.389627942391,464.159,10000.0,0
3.815,0.01802961,0.001,2010.9078392409908,215.443,10000.0,0
3.815,0.0281223,0.001,964.56506814938,100.0,10000.0,0
3.815,0.04555274,0.001,580.0491637443753,46.4159,10000.0,0
3.815,0.07416724,0.001,294.4019944287935,21.5443,10000.0,0
3.815,0.11265956,0.001,217.86713453104193,10.0,10000.0,0
3.815,0.00526263,0.0015,,10000.0,100000.0,0
3.815,0.00652689,0.0015,21472.695694868653,4641.59,46416.0,1
3.815,0.00772835,0.0015,9547.445991478646,2154.43,21544.0,1
3.815,0.00940991,0.0015,,1000.0,10000.0,0
3.815,0.01295838,0.0015,3141.864261824163,464.159,10000.0,0
3.815,0.01802961,0.0015,1451.045345104719,215.443,10000.0,0
3.815,0.0281223,0.0015,624.5979153914964,100.0,10000.0,0
3.815,0.04555274,0.0015,327.12990404307453,46.4159,10000.0,0
3.815,0.07416724,0.0015,155.97669590973248,21.5443,10000.0,0
3.815,0.11265956,0.0015,100.35374219663368,10.0,10000.0,0
3.815,0.00526263,0.0022,,10000.0,100000.0,0
3.815,0.00652689,0.0022,18389.725430757095,4641.59,46416.0,1
3.815,0.00772835,0.0022,8009.840506551337,2154.43,21544.0,1
3.815,0.00940991,0.0022,4200.353806607494,1000.0,10000.0,1
3.815,0.01295838,0.0022,1912.3660767698627,464.159,10000.0,1
3.815,0.01802961,0.0022,1045.9827670549107,215.443,10000.0,1
3.815,0.0281223,0.0022,458.3003637088226,100.0,10000.0,1
3.815,0.04555274,0.0022,197.297529872369,46.4159,10000.0,1
3.815,0.07416724,0.0022,103.69244611921528,21.5443,10000.0,1
3.815,0.11265956,0.0022,59.525245880139096,10.0,10000.0,0
3.815,0.00526263,0.0032,,10000.0,100000.0,0
3.815,0.00652689,0.0032,9082.791192785644,4641.59,46416.0,1
3.815,0.00772835,0.0032,5086.1137986997555,2154.43,21544.0,1
3.815,0.00940991,0.0032,2879.4398686417558,1000.0,10000.0,1
3.815,0.01295838,0.0032,1293.9803975803436,464.159,10000.0,1
3.815,0.01802961,0.0032,568.2884643675709,215.443,10000.0,1
3.815,0.0281223,0.0032,284.49839333114494,100.0,10000.0,1
3.815,0.04555274,0.0032,138.0940257714368,46.4159,10000.0,1
3.815,0.07416724,0.0032,71.4428063243143,21.5443,10000.0,1
3.815,0.11265956,0.0032,40.27520611491424,10.0,10000.0,1
3.815,0.00526263,0.0046,22112.53891256066,10000.0,100000.0,1
3.815,0.00652689,0.0046,8209.837382336586,4641.59,46416.0,1
3.815,0.00772835,0.0046,3315.7469575461437,2154.43,21544.0,1
3.815,0.00940991,0.0046,2236.483585574842,1000.0,10000.0,1
3.815,0.01295838,0.0046,853.5216617354587,464.159,10000.0,1
3.815,0.01802961,0.0046,400.50433045925723,215.443,10000.0,1
3.815,0.0281223,0.0046,185.91115099363438,100.0,10000.0,1
3.815,0.04555274,0.0046,94.91933108631177,46.4159,10000.0,1
3.815,0.07416724,0.0046,48.21821816928599,21.5443,10000.0,1
3.815,0.11265956,0.0046,30.518584494897365,10.0,10000.0,1
3.815,0.00526263,0.0068,19079.85944581839,10000.0,100000.0,1
3.815,0.00652689,0.0068,6949.077185478854,4641.59,46416.0,1
3.815,0.00772835,0.0068,2754.787748111708,2154.43,21544.0,1
3.815,0.00940991,0.0068,1232.2496470538886,1000.0,10000.0,1
3.815,0.01295838,0.0068,616.3246299583286,464.159,10000.0,1
3.815,0.01802961,0.0068,279.1210015003196,215.443,10000.0,1
3.815,0.0281223,0.0068,140.0112390437825,100.0,10000.0,1
3.815,0.04555274,0.0068,68.23929756557015,46.4159,10000.0,1
3.815,0.07416724,0.0068,36.3684708623759,21.5443,10000.0,1
3.815,0.11265956,0.0068,18.308920682384063,10.0,10000.0,1
3.815,0.00526263,0.02,3794.5610859710473,10000.0,100000.0,1
3.815,0.00652689,0.02,3118.773070640667,4641.59,46416.0,1
3.815,0.00772835,0.02,1048.3255709550767,2154.43,21544.0,1
3.815,0.00940991,0.02,562.729083107309,1000.0,10000.0,1
3.815,0.01295838,0.02,229.35356889876346,464.159,10000.0,1
3.815,0.01802961,0.02,126.38911304141982,215.443,10000.0,1
3.815,0.0281223,0.02,57.00338259236318,100.0,10000.0,1
3.815,0.04555274,0.02,24.646469833056543,46.4159,10000.0,1
3.815,0.07416724,0.02,12.706997164686646,21.5443,10000.0,1
3.815,0.11265956,0.02,7.514429358171192,10.0,10000.0,1
3.815,0.00526263,0.03,3556.337241570335,10000.0,100000.0,1
3.815,0.00652689,0.03,1230.670553286751,4641.59,46416.0,1
3.815,0.00772835,0.03,831.6633594151587,2154.43,21544.0,1
3.815,0.00940991,0.03,353.1876820118631,1000.0,10000.0,1
3.815,0.01295838,0.03,174.2690397692763,464.159,10000.0,1
3.815,0.01802961,0.03,82.51992668671234,215.443,10000.0,1
3.815,0.0281223,0.03,39.120954271225706,100.0,10000.0,1
3.815,0.04555274,0.03,17.245126882112906,46.4159,10000.0,1
3.815,0.07416724,0.03,7.685814977707057,21.5443,10000.0,1
3.815,0.11265956,0.03,2.3580548570857682,10.0,10000.0,1
3.815,0.00526263,0.04,26789.944127910938,10000.0,100000.0,1
3.815,0.00652689,0.04,21212.941249430223,4641.59,46416.0,1
3.815,0.00772835,0.04,,2154.43,21544.0,0
3.815,0.00940991,0.04,,1000.0,10000.0,0
3.815,0.01295838,0.04,,464.159,10000.0,0
3.815,0.01802961,0.04,1170.604227172996,215.443,10000.0,0
3.815,0.0281223,0.04,140.11755209023184,100.0,10000.0,1
3.815,0.04555274,0.04,28.11272288633911,46.4159,10000.0,1
3.815,0.07416724,0.04,9.137774369045738,21.5443,10000.0,1
3.815,0.11265956,0.04,2.1792182659084736,10.0,10000.0,1
3.815,0.00526263,0.05,26234.373848576655,10000.0,100000.0,1
3.815,0.00652689,0.05,,4641.59,46416.0,0
3.815,0.00772835,0.05,,2154.43,21544.0,0
3.815,0.00940991,0.05,,1000.0,10000.0,0
3.815,0.01295838,0.05,,464.159,10000.0,0
3.815,0.01802961,0.05,,215.443,10000.0,0
3.815,0.0281223,0.05,2749.1099349516394,100.0,10000.0,0
3.815,0.04555274,0.05,196.47268146949662,46.4159,10000.0,1
3.815,0.07416724,0.05,16.977511148738017,21.5443,10000.0,1
3.815,0.11265956,0.05,5.931791540855693,10.0,10000.0,1
3.815,0.00526263,0.06,21471.245948076135,10000.0,100000.0,1
3.815,0.00652689,0.06,,4641.59,46416.0,0
3.815,0.00772835,0.06,,2154.43,21544.0,0
3.815,0.00940991,0.06,,1000.0,10000.0,0
3.815,0.01295838,0.06,,464.159,10000.0,0
3.815,0.01802961,0.06,,215.443,10000.0,0
3.815,0.0281223,0.06,,100.0,10000.0,0
3.815,0.04555274,0.06,678.165263854753,46.4159,10000.0,0
3.815,0.07416724,0.06,31.591004870902914,21.5443,10000.0,1
3.815,0.11265956,0.06,6.378932399242878,10.0,10000.0,1
3.825,0.00400201,0.001,,10000.0,100000.0,0
3.825,0.00548379,0.001,,4641.59,46416.0,0
3.825,0.00638142,0.001,,2154.43,21544.0,0
3.825,0.00820957,0.001,,1000.0,10000.0,0
3.825,0.01114727,0.001,4019.3786299435505,464.159,10000.0,0
3.825,0.01617556,0.001,2089.312835123147,215.443,10000.0,0
3.825,0.02586698,0.001,1064.7477733522082,100.0,10000.0,0
3.825,0.04336513,0.001,540.7990902363391,46.4159,10000.0,0
3.825,0.07498175,0.001,264.00408567407896,21.5443,10000.0,0
3.825,0.10909011,0.001,190.5578212495692,10.0,10000.0,0
3.825,0.00400201,0.0015,,10000.0,100000.0,0
3.825,0.00548379,0.0015,19224.207547832008,4641.59,46416.0,1
3.825,0.00638142,0.0015,,2154.43,21544.0,0
3.825,0.00820957,0.0015,,1000.0,10000.0,0
3.825,0.01114727,0.0015,3105.662527394252,464.159,10000.0,0
3.825,0.01617556,0.0015,1470.3378173840456,215.443,10000.0,0
3.825,0.02586698,0.0015,631.6119085641161,100.0,10000.0,0
3.825,0.04336513,0.0015,323.10230720630756,46.4159,10000.0,0
3.825,0.07498175,0.0015,150.24175614601444,21.5443,10000.0,0
3.825,0.10909011,0.0015,97.93526587658741,10.0,10000.0,0
3.825,0.00400201,0.0022,42884.97358549352,10000.0,100000.0,1
3.825,0.00548379,0.0022,12002.071708795633,4641.59,46416.0,1
3.825,0.00638142,0.0022,7418.00958727074,2154.43,21544.0,1
3.825,0.00820957,0.0022,3050.1256009565873,1000.0,10000.0,1
3.825,0.01114727,0.0022,2129.208743041883,464.159,10000.0,1
3.825,0.01617556,0.0022,1028.6022520014544,215.443,10000.0,1
3.825,0.02586698,0.0022,423.6952956043813,100.0,10000.0,1
3.825,0.04336513,0.0022,202.02533142370524,46.4159,10000.0,1
3.825,0.07498175,0.0022,97.6876249877088,21.5443,10000.0,1
3.825,0.10909011,0.0022,62.6792047997834,10.0,10000.0,0
3.825,0.00400201,0.0032,43863.73205963153,10000.0,100000.0,1
3.825,0.00548379,0.0032,11842.521055550831,4641.59,46416.0,1
3.825,0.00638142,0.0032,6507.845685622262,2154.43,21544.0,1
3.825,0.00820957,0.0032,2409.468112502895,1000.0,10000.0,1
3.825,0.01114727,0.0032,1288.2433945540756,464.159,10000.0,1
3.825,0.01617556,0.0032,660.3608593748213,215.443,10000.0,1
3.825,0.02586698,0.0032,296.20888477676175,100.0,10000.0,1
3.825,0.04336513,0.0032,140.78726395890837,46.4159,10000.0,1
3.825,0.07498175,0.0032,73.77618886401817,21.5443,10000.0,1
3.825,0.10909011,0.0032,39.41506044200501,10.0,10000.0,1
3.825,0.00400201,0.0046,29171.141400222892,10000.0,100000.0,1
3.825,0.00548379,0.0046,9594.303549879276,4641.59,46416.0,1
3.825,0.00638142,0.0046,4473.222395715023,2154.43,21544.0,1
3.825,0.00820957,0.0046,1916.9476386948947,1000.0,10000.0,1
3.825,0.01114727,0.0046,1004.3141549843161,464.159,10000.0,1
3.825,0.01617556,0.0046,438.3295269308026,215.443,10000.0,1
3.825,0.02586698,0.0046,198.2350875000841,100.0,10000.0,1
3.825,0.04336513,0.0046,90.81567099407408,46.4159,10000.0,1
3.825,0.07498175,0.0046,50.19227607964755,21.5443,10000.0,1
3.825,0.10909011,0.0046,29.736723825171065,10.0,10000.0,1
3.825,0.00400201,0.0068,,10000.0,100000.0,0
3.825,0.00548379,0.0068,7356.710824837866,4641.59,46416.0,1
3.825,0.00638142,0.0068,3192.9753096247796,2154.43,21544.0,1
3.825,0.00820957,0.0068,1550.1555813593732,1000.0,10000.0,1
3.825,0.01114727,0.0068,710.4614560353904,464.159,10000.0,1
3.825,0.01617556,0.0068,346.2947119238015,215.443,10000.0,1
3.825,0.02586698,0.0068,144.47715779232877,100.0,10000.0,1
3.825,0.04336513,0.0068,70.77300665816138,46.4159,10000.0,1
3.825,0.07498175,0.0068,35.13172585946837,21.5443,10000.0,1
3.825,0.10909011,0.0068,19.24698461591314,10.0,10000.0,1
3.825,0.00400201,0.02,14804.292248830287,10000.0,100000.0,1
3.825,0.00548379,0.02,2045.012244553094,4641.59,46416.0,1
3.825,0.00638142,0.02,995.9750250150573,2154.43,21544.0,1
3.825,0.00820957,0.02,583.6202360333173,1000.0,10000.0,1
3.825,0.01114727,0.02,293.3871929853688,464.159,10000.0,1
3.825,0.01617556,0.02,141.91907188081373,215.443,10000.0,1
3.825,0.02586698,0.02,57.637388181919874,100.0,10000.0,1
3.825,0.04336513,0.02,22.397410053041796,46.4159,10000.0,1
3.825,0.07498175,0.02,12.703106899326999,21.5443,10000.0,1
3.825,0.10909011,0.02,6.798030168785928,10.0,10000.0,1
3.825,0.00400201,0.03,3153.688915054695,10000.0,100000.0,1
3.825,0.00548379,0.03,1528.1647796877007,4641.59,46416.0,1
3.825,0.00638142,0.03,716.5423500301345,2154.43,21544.0,1
3.825,0.00820957,0.03,384.96882072752373,1000.0,10000.0,1
3.825,0.01114727,0.03,198.2434462501837,464.159,10000.0,1
3.825,0.01617556,0.03,87.5911027877836,215.443,10000.0,1
3.825,0.02586698,0.03,41.88339653322359,100.0,10000.0,1
3.825,0.04336513,0.03,17.923397392900224,46.4159,10000.0,1
3.825,0.07498175,0.03,8.42579004695571,21.5443,10000.0,1
3.825,0.10909011,0.03,2.3731350693859126,10.0,10000.0,1
3.825,0.00400201,0.04,10154.20509432239,10000.0,100000.0,1
3.825,0.00548379,0.04,11811.944086748596,4641.59,46416.0,1
3.825,0.00638142,0.04,,2154.43,21544.0,0
3.825,0.00820957,0.04,,1000.0,10000.0,0
3.825,0.01114727,0.04,,464.159,10000.0,0
3.825,0.01617556,0.04,1566.1534834858542,215.443,10000.0,0
3.825,0.02586698,0.04,165.41050167676406,100.0,10000.0,1
3.825,0.04336513,0.04,28.15743352760136,46.4159,10000.0,1
3.825,0.07498175,0.04,8.298831660345957,21.5443,10000.0,1
3.825,0.10909011,0.04,2.1462530282802676,10.0,10000.0,1
3.825,0.00400201,0.05,30446.908190178554,10000.0,100000.0,1
3.825,0.00548379,0.05,,4641.59,46416.0,0
3.825,0.00638142,0.05,,2154.43,21544.0,0
3.825,0.00820957,0.05,,1000.0,10000.0,0
3.825,0.01114727,0.05,,464.159,10000.0,0
3.825,0.01617556,0.05,,215.443,10000.0,0
3.825,0.02586698,0.05,1920.5845568344635,100.0,10000.0,0
3.825,0.04336513,0.05,173.711964261595,46.4159,10000.0,1
3.825,0.07498175,0.05,13.19668800913457,21.5443,10000.0,1
3.825,0.10909011,0.05,6.037763891667691,10.0,10000.0,1
3.825,0.00400201,0.06,15174.810869617682,10000.0,100000.0,1
3.825,0.00548379,0.06,20114.003810449136,4641.59,46416.0,1
3.825,0.00638142,0.06,,2154.43,21544.0,0
3.825,0.00820957,0.06,,1000.0,10000.0,0
3.825,0.01114727,0.06,,464.159,10000.0,0
3.825,0.01617556,0.06,,215.443,10000.0,0
3.825,0.02586698,0.06,4300.473231533138,100.0,10000.0,0
3.825,0.04336513,0.06,669.113662405592,46.4159,10000.0,0
3.825,0.07498175,0.06,20.55423096888574,21.5443,10000.0,1
3.825,0.10909011,0.06,6.09458230314683,10.0,10000.0,1
3.85,0.00168692,0.001,,10000.0,100000.0,0
3.85,0.00219394,0.001,,4641.59,46416.0,0
3.85,0.00360235,0.001,,2154.43,21544.0,0
3.85,0.00550429,0.001,,1000.0,10000.0,0
3.85,0.00791707,0.001,,464.159,10000.0,0
3.85,0.01286914,0.001,1985.3885899539498,215.443,10000.0,0
3.85,0.02056967,0.001,1101.8743931770373,100.0,10000.0,0
3.85,0.03666986,0.001,543.3391829350517,46.4159,10000.0,0
3.85,0.06897679,0.001,270.20715586231216,21.5443,10000.0,0
3.85,0.1146212,0.001,186.15403488560423,10.0,10000.0,0
3.85,0.00168692,0.0015,40960.00508860381,10000.0,100000.0,1
3.85,0.00219394,0.0015,,4641.59,46416.0,0
3.85,0.00360235,0.0015,9871.621828291969,2154.43,21544.0,1
3.85,0.00550429,0.0015,,1000.0,10000.0,0
3.85,0.00791707,0.0015,3072.3245447433264,464.159,10000.0,0
3.85,0.01286914,0.0015,1472.4887581450391,215.443,10000.0,0
3.85,0.02056967,0.0015,705.4813761892752,100.0,10000.0,0
3.85,0.03666986,0.0015,333.0945582454367,46.4159,10000.0,0
3.85,0.06897679,0.0015,168.88720171874442,21.5443,10000.0,0
3.85,0.1146212,0.0015,90.61882461319215,10.0,10000.0,0
3.85,0.00168692,0.0022,25834.123288215815,10000.0,100000.0,1
3.85,0.00219394,0.0022,18223.431459356358,4641.59,46416.0,1
3.85,0.00360235,0.0022,6842.222783044301,2154.43,21544.0,1
3.85,0.00550429,0.0022,3514.182690385045,1000.0,10000.0,1
3.85,0.00791707,0.0022,1984.1622054063653,464.159,10000.0,1
3.85,0.01286914,0.0022,925.3532714840857,215.443,10000.0,1
3.85,0.02056967,0.0022,484.86251088968436,100.0,10000.0,1
3.85,0.03666986,0.0022,218.16927448555302,46.4159,10000.0,1
3.85,0.06897679,0.0022,105.84368118934303,21.5443,10000.0,1
3.85,0.1146212,0.0022,62.93815310909958,10.0,10000.0,0
3.85,0.00168692,0.0032,27350.720148640183,10000.0,100000.0,1
3.85,0.00219394,0.0032,11585.264990774587,4641.59,46416.0,1
3.85,0.00360235,0.0032,4671.796546744521,2154.43,21544.0,1
3.85,0.00550429,0.0032,2173.0107476617773,1000.0,10000.0,1
3.85,0.00791707,0.0032,1414.154998735693,464.159,10000.0,1
3.85,0.01286914,0.0032,635.2152925628835,215.443,10000.0,1
3.85,0.02056967,0.0032,303.83399171100695,100.0,10000.0,1
3.85,0.03666986,0.0032,144.18261407220808,46.4159,10000.0,1
3.85,0.06897679,0.0032,63.26667873850078,21.5443,10000.0,1
3.85,0.1146212,0.0032,37.600825087618766,10.0,10000.0,1
3.85,0.00168692,0.0046,22849.932053274522,10000.0,100000.0,1
3.85,0.00219394,0.0046,11877.11982951446,4641.59,46416.0,1
3.85,0.00360235,0.0046,4225.754291469924,2154.43,21544.0,1
3.85,0.00550429,0.0046,1653.6359617092132,1000.0,10000.0,1
3.85,0.00791707,0.0046,1028.4943679075209,464.159,10000.0,1
3.85,0.01286914,0.0046,414.15078384450317,215.443,10000.0,1
3.85,0.02056967,0.0046,226.91829888259517,100.0,10000.0,1
3.85,0.03666986,0.0046,107.53894211768517,46.4159,10000.0,1
3.85,0.06897679,0.0046,44.46072709168644,21.5443,10000.0,1
3.85,0.1146212,0.0046,28.363685993125788,10.0,10000.0,1
3.85,0.00168692,0.0068,16637.868650143457,10000.0,100000.0,1
3.85,0.00219394,0.0068,9658.886173723833,4641.59,46416.0,1
3.85,0.00360235,0.0068,3022.471612157976,2154.43,21544.0,1
3.85,0.00550429,0.0068,1405.19442094332,1000.0,10000.0,1
3.85,0.00791707,0.0068,659.0197111763829,464.159,10000.0,1
3.85,0.01286914,0.0068,312.3325019338847,215.443,10000.0,1
3.85,0.02056967,0.0068,142.20940228324497,100.0,10000.0,1
3.85,0.03666986,0.0068,71.67462683437054,46.4159,10000.0,1
3.85,0.06897679,0.0068,32.06176484722727,21.5443,10000.0,1
3.85,0.1146212,0.0068,16.526168334480257,10.0,10000.0,1
3.85,0.00168692,0.02,4722.656249484301,10000.0,100000.0,1
3.85,0.00219394,0.02,2326.4050728907364,4641.59,46416.0,1
3.85,0.00360235,0.02,1002.3961293448119,2154.43,21544.0,1
3.85,0.00550429,0.02,494.02991220402856,1000.0,10000.0,1
3.85,0.00791707,0.02,270.65676565023205,464.159,10000.0,1
3.85,0.01286914,0.02,132.7775692738751,215.443,10000.0,1
3.85,0.02056967,0.02,62.57233274790161,100.0,10000.0,1
3.85,0.03666986,0.02,25.66933126576062,46.4159,10000.0,1
3.85,0.06897679,0.02,11.453669271854281,21.5443,10000.0,1
3.85,0.1146212,0.02,2.1828262304617176,10.0,10000.0,1
3.85,0.00168692,0.03,2999.5356409815868,10000.0,100000.0,1
3.85,0.00219394,0.03,1506.855293385313,4641.59,46416.0,1
3.85,0.00360235,0.03,807.9014800044755,2154.43,21544.0,1
3.85,0.00550429,0.03,385.0598845403266,1000.0,10000.0,1
3.85,0.00791707,0.03,204.00123405868626,464.159,10000.0,1
3.85,0.01286914,0.03,82.53723410347085,215.443,10000.0,1
3.85,0.02056967,0.03,40.81816937655199,100.0,10000.0,1
3.85,0.03666986,0.03,20.47626809830321,46.4159,10000.0,1
3.85,0.06897679,0.03,8.041442897092628,21.5443,10000.0,1
3.85,0.1146212,0.03,2.191741888888333,10.0,10000.0,1
3.85,0.00168692,0.04,1863.5442482487144,10000.0,100000.0,1
3.85,0.00219394,0.04,1381.5502680036668,4641.59,46416.0,1
3.85,0.00360235,0.04,1745.6786426985036,2154.43,21544.0,1
3.85,0.00550429,0.04,3709.387145152406,1000.0,10000.0,1
3.85,0.00791707,0.04,2147.161391915722,464.159,10000.0,1
3.85,0.01286914,0.04,770.3035375619057,215.443,10000.0,1
3.85,0.02056967,0.04,251.79612471316406,100.0,10000.0,1
3.85,0.03666986,0.04,30.9897210116138,46.4159,10000.0,1
3.85,0.06897679,0.04,8.295056016596998,21.5443,10000.0,1
3.85,0.1146212,0.04,1.9960561841692623,10.0,10000.0,1
3.85,0.00168692,0.05,8242.559936624013,10000.0,100000.0,1
3.85,0.00219394,0.05,14435.750122664514,4641.59,46416.0,1
3.85,0.00360235,0.05,7953.227505405728,2154.43,21544.0,1
3.85,0.00550429,0.05,,1000.0,10000.0,0
3.85,0.00791707,0.05,,464.159,10000.0,0
3.85,0.01286914,0.05,,215.443,10000.0,0
3.85,0.02056967,0.05,2109.4027680559702,100.0,10000.0,0
3.85,0.03666986,0.05,112.664246041961,46.4159,10000.0,1
3.85,0.06897679,0.05,12.754697474224434,21.5443,10000.0,1
3.85,0.1146212,0.05,2.3466498617046665,10.0,10000.0,1
3.85,0.00168692,0.06,15902.286172703156,10000.0,100000.0,1
3.85,0.00219394,0.06,17672.181561958634,4641.59,46416.0,1
3.85,0.00360235,0.06,,2154.43,21544.0,0
3.85,0.00550429,0.06,,1000.0,10000.0,0
3.85,0.00791707,0.06,,464.159,10000.0,0
3.85,0.01286914,0.06,,215.443,10000.0,0
3.85,0.02056967,0.06,,100.0,10000.0,0
3.85,0.03666986,0.06,506.0837706172576,46.4159,10000.0,0
3.85,0.06897679,0.06,21.024337566010967,21.5443,10000.0,1
3.85,0.1146212,0.06,2.6581171561187302,10.0,10000.0,1
