t1,p0,T,waitingTime,tauAlpha,crossed,n,idx,source
0.001,3.8,0.00804331,100000.0,41643.68433117712,1,4096,0,t1Scan
0.001,3.8,0.00857386,41774.0,22104.55865759699,1,4096,0,t1Scan
0.001,3.8,0.00972763,19390.0,12291.879525611663,1,4096,0,t1Scan
0.001,3.8,0.01138609,7000.0,6540.058871597242,1,4096,0,t1Scan
0.001,3.8,0.0145279,9000.0,4453.301277081482,1,4096,0,t1Scan
0.001,3.8,0.01950438,12000.0,2118.5170462859137,1,4096,0,t1Scan
0.001,3.8,0.02908965,13000.0,1155.6053052035006,1,4096,0,t1Scan
0.001,3.8,0.04732642,14000.0,582.2915906999474,1,4096,0,t1Scan
0.001,3.8,0.07997788,14000.0,266.4493194370638,1,4096,0,t1Scan
0.001,3.8,0.10807693,14000.0,215.63957403715062,1,4096,0,t1Scan
0.0015,3.8,0.00804331,110000.0,35215.78728337567,1,4096,0,t1Scan
0.0015,3.8,0.00857386,46416.0,21405.554786202276,1,4096,0,t1Scan
0.0015,3.8,0.00972763,19390.0,9538.632912701512,1,4096,0,t1Scan
0.0015,3.8,0.01138609,9000.0,5339.505650784238,1,4096,0,t1Scan
0.0015,3.8,0.0145279,11000.0,2582.4854965328122,1,4096,0,t1Scan
0.0015,3.8,0.01950438,13000.0,1454.6491185013792,1,4096,0,t1Scan
0.0015,3.8,0.02908965,14000.0,684.0063513212847,1,4096,0,t1Scan
0.0015,3.8,0.04732642,14000.0,328.0750317811878,1,4096,0,t1Scan
0.0015,3.8,0.07997788,14000.0,148.81858879797826,1,4096,0,t1Scan
0.0015,3.8,0.10807693,14000.0,103.95721966261864,1,4096,0,t1Scan
0.0022,3.8,0.00804331,120000.0,22828.46319494014,1,4096,0,t1Scan
0.0022,3.8,0.00857386,51057.0,11445.928601539787,1,4096,0,t1Scan
0.0022,3.8,0.00972763,21544.0,9514.065840933748,1,4096,0,t1Scan
0.0022,3.8,0.01138609,11000.0,3543.855588922639,1,4096,0,t1Scan
0.0022,3.8,0.0145279,12000.0,2173.9845154457275,1,4096,0,t1Scan
0.0022,3.8,0.01950438,14000.0,987.2724464560257,1,4096,0,t1Scan
0.0022,3.8,0.02908965,14000.0,473.15427642266314,1,4096,0,t1Scan
0.0022,3.8,0.04732642,14000.0,207.06617718767885,1,4096,0,t1Scan
0.0022,3.8,0.07997788,14000.0,96.35676428025718,1,4096,0,t1Scan
0.0022,3.8,0.10807693,14000.0,63.79127896637186,1,4096,0,t1Scan
0.0032,3.8,0.00804331,120000.0,21437.2489623952,1,4096,0,t1Scan
0.0032,3.8,0.00857386,55699.0,12536.255222350783,1,4096,0,t1Scan
0.0032,3.8,0.00972763,23699.0,5920.144436145426,1,4096,0,t1Scan
0.0032,3.8,0.01138609,11000.0,3318.3173651246275,1,4096,0,t1Scan
0.0032,3.8,0.0145279,13000.0,1591.5609811837098,1,4096,0,t1Scan
0.0032,3.8,0.01950438,14000.0,725.4952710550109,1,4096,0,t1Scan
0.0032,3.8,0.02908965,14000.0,296.630674353304,1,4096,0,t1Scan
0.0032,3.8,0.04732642,14000.0,149.53038826070062,1,4096,0,t1Scan
0.0032,3.8,0.07997788,14000.0,72.1072709930135,1,4096,0,t1Scan
0.0032,3.8,0.10807693,14000.0,47.27500523534132,1,4096,0,t1Scan
0.0046,3.8,0.00804331,130000.0,16278.849353803724,1,4096,0,t1Scan
0.0046,3.8,0.00857386,55699.0,10783.744813504005,1,4096,0,t1Scan
0.0046,3.8,0.00972763,25853.0,3965.4985272557765,1,4096,0,t1Scan
0.0046,3.8,0.01138609,13000.0,1937.6234914266577,1,4096,0,t1Scan
0.0046,3.8,0.0145279,14000.0,909.6698910713517,1,4096,0,t1Scan
0.0046,3.8,0.01950438,14000.0,532.1770244294287,1,4096,0,t1Scan
0.0046,3.8,0.02908965,14000.0,235.6726841232631,1,4096,0,t1Scan
0.0046,3.8,0.04732642,14000.0,100.44906596573728,1,4096,0,t1Scan
0.0046,3.8,0.07997788,14000.0,50.259994082257215,1,4096,0,t1Scan
0.0046,3.8,0.10807693,14000.0,33.87377653138539,1,4096,0,t1Scan
0.0068,3.8,0.00804331,130000.0,15738.223410944911,1,4096,0,t1Scan
0.0068,3.8,0.00857386,60341.0,6468.084886074572,1,4096,0,t1Scan
0.0068,3.8,0.00972763,28007.0,3740.9580019485084,1,4096,0,t1Scan
0.0068,3.8,0.01138609,13000.0,1484.3317837828274,1,4096,0,t1Scan
0.0068,3.8,0.0145279,14000.0,617.3259114707877,1,4096,0,t1Scan
0.0068,3.8,0.01950438,14000.0,320.346737258868,1,4096,0,t1Scan
0.0068,3.8,0.02908965,14000.0,147.87697607110871,1,4096,0,t1Scan
0.0068,3.8,0.04732642,14000.0,72.1842138144929,1,4096,0,t1Scan
0.0068,3.8,0.07997788,14000.0,30.890406116585392,1,4096,0,t1Scan
0.0068,3.8,0.10807693,14000.0,19.36665170381911,1,4096,0,t1Scan
0.01,3.8,0.00422529,70000.0,74730.096,1,4096,0,longest_crossed
0.01,3.8,0.00535426,27850.0,27696.766,1,4096,0,longest_crossed
0.01,3.8,0.00704038,17235.0,13960.3,1,4096,0,longest_crossed
0.01,3.8,0.00718994,120000.0,26417.939,1,4096,0,longest_crossed
0.01,3.8,0.00796442,130000.0,11357.293,1,4096,0,longest_crossed
0.01,3.8,0.00822905,60341.0,7482.4322,1,4096,0,longest_crossed
0.01,3.8,0.00876128,60341.0,3637.4542,1,4096,0,longest_crossed
0.01,3.8,0.00961925,28007.0,2402.6213,1,4096,0,longest_crossed
0.01,3.8,0.00996505,13000.0,1710.8261,1,4096,0,longest_crossed
0.01,3.8,0.01157466,14000.0,940.49738,1,4096,0,longest_crossed
0.01,3.8,0.01365467,14000.0,562.61883,1,4096,0,longest_crossed
0.01,3.8,0.01973598,14000.0,209.85236,1,4096,0,longest_crossed
0.01,3.8,0.03119342,14000.0,89.989338,1,4096,0,longest_crossed
0.01,3.8,0.04493352,14000.0,51.787615,1,4096,0,longest_crossed
0.01,3.8,0.06198152,14000.0,28.543618,1,4096,0,longest_crossed
0.01,3.8,0.08400365,14000.0,20.566844,1,4096,0,longest_crossed
0.01,3.8,0.09830474,14000.0,16.399367,1,4096,0,longest_crossed
0.01,3.8,0.16398067,14000.0,1.8333729,1,4096,0,longest_crossed
0.02,3.8,0.00804331,140000.0,3967.5869006603566,1,4096,0,t1Scan
0.02,3.8,0.00857386,64982.0,2886.647480993279,1,4096,0,t1Scan
0.02,3.8,0.00972763,30162.0,1153.656827685295,1,4096,0,t1Scan
0.02,3.8,0.01138609,14000.0,563.6289886308475,1,4096,0,t1Scan
0.02,3.8,0.0145279,14000.0,251.55981044679987,1,4096,0,t1Scan
0.02,3.8,0.01950438,14000.0,123.78927033494405,1,4096,0,t1Scan
0.02,3.8,0.02908965,14000.0,61.07948596311668,1,4096,0,t1Scan
0.02,3.8,0.04732642,14000.0,23.85357115858861,1,4096,0,t1Scan
0.02,3.8,0.07997788,14000.0,11.368862023764649,1,4096,0,t1Scan
0.02,3.8,0.10807693,14000.0,7.689286506395561,1,4096,0,t1Scan
0.03,3.8,0.00804331,140000.0,1782.4534933568677,1,4096,0,t1Scan
0.03,3.8,0.00857386,64982.0,1163.7427911966247,1,4096,0,t1Scan
0.03,3.8,0.00972763,30162.0,609.2287893127893,1,4096,0,t1Scan
0.03,3.8,0.01138609,14000.0,405.9863581418154,1,4096,0,t1Scan
0.03,3.8,0.0145279,14000.0,199.3196775226727,1,4096,0,t1Scan
0.03,3.8,0.01950438,14000.0,91.7665929625085,1,4096,0,t1Scan
0.03,3.8,0.02908965,14000.0,40.02225884636034,1,4096,0,t1Scan
0.03,3.8,0.04732642,14000.0,19.61841791296345,1,4096,0,t1Scan
0.03,3.8,0.07997788,14000.0,7.646757928334943,1,4096,0,t1Scan
0.03,3.8,0.10807693,14000.0,5.625056646570713,1,4096,0,t1Scan
0.04,3.8,0.00804331,3000.0,9641.318488097375,1,4096,0,t1Scan
0.04,3.8,0.00857386,3000.0,3231.3811012825704,1,4096,0,t1Scan
0.04,3.8,0.00972763,1000.0,523.6427999671662,1,4096,0,t1Scan
0.04,3.8,0.01138609,6000.0,8499.304989187176,1,4096,0,t1Scan
0.04,3.8,0.0145279,8000.0,5862.310162931108,1,4096,0,t1Scan
0.04,3.8,0.01950438,12000.0,2480.4594877935224,1,4096,0,t1Scan
0.04,3.8,0.02908965,14000.0,498.0052888511664,1,4096,0,t1Scan
0.04,3.8,0.04732642,14000.0,39.45054183491449,1,4096,0,t1Scan
0.04,3.8,0.07997788,14000.0,11.25789271510324,1,4096,0,t1Scan
0.04,3.8,0.10807693,14000.0,6.266724815562027,1,4096,0,t1Scan
0.05,3.8,0.0145279,1000.0,9224.571494302518,1,4096,0,t1Scan
0.05,3.8,0.01950438,8000.0,6210.784901078647,1,4096,0,t1Scan
0.05,3.8,0.02908965,11000.0,2576.32392242089,1,4096,0,t1Scan
0.05,3.8,0.04732642,14000.0,396.4875289596438,1,4096,0,t1Scan
0.05,3.8,0.07997788,14000.0,21.52178768431053,1,4096,0,t1Scan
0.05,3.8,0.10807693,14000.0,7.279101238087187,1,4096,0,t1Scan
0.06,3.8,0.00857386,0.0,13914.453986027105,1,4096,0,t1Scan
0.06,3.8,0.01950438,2000.0,11688.913161120185,1,4096,0,t1Scan
0.06,3.8,0.02908965,10000.0,3585.8650677812952,1,4096,0,t1Scan
0.06,3.8,0.04732642,13000.0,1149.0211593873023,1,4096,0,t1Scan
0.06,3.8,0.07997788,14000.0,38.451231568330726,1,4096,0,t1Scan
0.06,3.8,0.10807693,14000.0,7.149356908650113,1,4096,0,t1Scan
0.07,3.8,0.00857386,1000.0,12578.626471581636,1,4096,0,t1Scan
0.07,3.8,0.00972763,2000.0,12279.835113233463,1,4096,0,t1Scan
0.07,3.8,0.01138609,2000.0,12228.00227850339,1,4096,0,t1Scan
0.07,3.8,0.0145279,5000.0,9514.421331517131,1,4096,0,t1Scan
0.07,3.8,0.01950438,3000.0,7544.608902858144,1,4096,0,t1Scan
0.07,3.8,0.02908965,10000.0,2162.229280582346,1,4096,0,t1Scan
0.07,3.8,0.04732642,14000.0,555.770345953071,1,4096,0,t1Scan
0.07,3.8,0.07997788,0.0,25.78109331136731,1,4096,0,t1Scan
0.07,3.8,0.10807693,13000.0,2.607290215064685,1,4096,0,t1Scan
0.08,3.8,0.00857386,9000.0,5616.781169227691,1,4096,0,t1Scan
0.08,3.8,0.00972763,0.0,5571.497270580157,1,4096,0,t1Scan
0.08,3.8,0.01138609,8000.0,5779.63601970497,1,4096,0,t1Scan
0.08,3.8,0.0145279,7000.0,7055.072563075053,1,4096,0,t1Scan
0.08,3.8,0.01950438,10000.0,3113.0273851150887,1,4096,0,t1Scan
0.08,3.8,0.02908965,3000.0,624.6955493579665,1,4096,0,t1Scan
0.08,3.8,0.04732642,0.0,140.14533937611182,1,4096,0,t1Scan
0.08,3.8,0.07997788,0.0,6.755725901639712,1,4096,0,t1Scan
0.08,3.8,0.10807693,1000.0,1.2859596058570033,1,4096,0,t1Scan
0.09,3.8,0.00804331,13000.0,1850.612620115635,1,4096,0,t1Scan
0.09,3.8,0.00857386,5000.0,9805.379608090368,1,4096,0,t1Scan
0.09,3.8,0.00972763,3000.0,3234.0526208999004,1,4096,0,t1Scan
0.09,3.8,0.01138609,10000.0,4419.439665193859,1,4096,0,t1Scan
0.09,3.8,0.0145279,13000.0,1636.0639843912581,1,4096,0,t1Scan
0.09,3.8,0.02908965,0.0,321.75301117499646,1,4096,0,t1Scan
0.09,3.8,0.10807693,0.0,0.9936060192729047,1,4096,0,t1Scan
0.1,3.8,0.01138609,1000.0,737.4195459542195,1,4096,0,t1Scan
0.1,3.8,0.0145279,0.0,396.1109722481698,1,4096,0,t1Scan
0.1,3.8,0.01950438,0.0,248.29364925006502,1,4096,0,t1Scan
,3.8,0.0016,,44857.43365079655,1,4096,0,voronoi
,3.8,0.0018,,20354.12033883563,1,4096,0,voronoi
,3.8,0.002,,13357.57776429996,1,4096,0,voronoi
,3.8,0.0022,,8306.584752444407,1,4096,0,voronoi
,3.8,0.0025,,4591.206662582439,1,4096,0,voronoi
,3.8,0.0028,,2571.701791242669,1,4096,0,voronoi
,3.8,0.0031,,1423.112663806807,1,4096,0,voronoi
,3.8,0.00385,,550.157473723199,1,4096,0,voronoi
,3.8,0.005,,225.1106579843973,1,4096,0,voronoi
,3.8,0.0063,,113.7016162386507,1,4096,0,voronoi
,3.8,0.008,,61.57546102366048,1,4096,0,voronoi
,3.8,0.01,,38.70700460286636,1,4096,0,voronoi
,3.8,0.016,,13.32673763266526,1,4096,0,voronoi
,3.8,0.025,,5.532245798634841,1,4096,0,voronoi
,3.8,0.03105,,3.926947303972556,1,4096,0,voronoi
,3.8,0.039,,2.764809517861429,1,4096,0,voronoi
,3.8,0.063,,0.8123588919200075,1,4096,0,voronoi
