p0,T,share,sigma,tail,rise_tol,fs_min,fs_max,t_tail_start,Fs_tail_start,n_tail,A,A_std,beta,beta_std,tau_kww,tau_kww_std,tau_1e,crossed_1e
3.75,0.01499281,global,std,last_rise,0.01,0.001,0.45,23.13881347999356,0.5587973381138995,60,0.5576488935387743,0.00040376496069658704,0.7336254046590045,0.0016003356524570082,2916.406850494685,56.57272844507774,887.959818303867,1
3.75,0.01508705,global,std,last_rise,0.01,0.001,0.45,14.57593352747223,0.565648719127049,62,0.5576488935387743,0.00040376496069658704,0.7336254046590045,0.0016003356524570082,2314.30963294182,28.48561123445556,698.98354747767,1
3.75,0.01513379,global,std,last_rise,0.01,0.001,0.45,21.59345019788485,0.5584009595881531,58,0.5576488935387743,0.00040376496069658704,0.7336254046590045,0.0016003356524570082,2198.24450423947,30.449291323538063,639.2152415636839,1
3.75,0.016527131,global,std,last_rise,0.01,0.001,0.45,21.134890583963625,0.5383201016220962,55,0.5576488935387743,0.00040376496069658704,0.7336254046590045,0.0016003356524570082,1368.616854238224,16.854301309103544,406.60714913593733,1
3.75,0.0173726,global,std,last_rise,0.01,0.001,0.45,22.50360904162008,0.5399898129564475,49,0.5576488935387743,0.00040376496069658704,0.7336254046590045,0.0016003356524570082,1038.2761754850474,11.295172957510461,316.1564360709472,1
3.75,0.021317,global,std,last_rise,0.01,0.001,0.45,20.07947222860456,0.5121992447797972,45,0.5576488935387743,0.00040376496069658704,0.7336254046590045,0.0016003356524570082,442.3979635481803,3.94298821757516,142.95491392493966,1
3.75,0.02871607,global,std,last_rise,0.01,0.001,0.45,420.58444926569615,0.0889016016841999,14,0.5576488935387743,0.00040376496069658704,0.7336254046590045,0.0016003356524570082,176.878852562273,2.8198148158900134,1.852608739818724,1
3.75,0.03830322,global,std,last_rise,0.01,0.001,0.45,196.59749580998604,0.0981758158282414,14,0.5576488935387743,0.00040376496069658704,0.7336254046590045,0.0016003356524570082,89.86421513160083,1.319444053697514,1.50735864865884,1
3.75,0.05939491,global,std,last_rise,0.01,0.001,0.45,91.89730011710618,0.0878625910099445,14,0.5576488935387743,0.00040376496069658704,0.7336254046590045,0.0016003356524570082,39.330157031942875,0.6617253987610868,1.1007976199428902,1
3.75,0.09518981,global,std,last_rise,0.01,0.001,0.45,37.842659612617176,0.0964534531175431,14,0.5576488935387743,0.00040376496069658704,0.7336254046590045,0.0016003356524570082,18.734249795394103,0.3454877462245378,0.7976588542309,1
3.75,0.1507937,global,std,last_rise,0.01,0.001,0.45,17.689127897190275,0.0957542774441078,19,0.5576488935387743,0.00040376496069658704,0.7336254046590045,0.0016003356524570082,9.665386928151086,0.13755695750479593,0.5940968208248405,1
3.75,0.16952498,global,std,last_rise,0.01,0.001,0.45,13.728234180344897,0.0965841033334473,19,0.5576488935387743,0.00040376496069658704,0.7336254046590045,0.0016003356524570082,7.3050029428376755,0.09278415375606126,0.5530046195732387,1
3.775,0.01135263,global,std,last_rise,0.01,0.001,0.45,25.620174817897546,0.5472084873998481,64,0.5576488935387743,0.00040376496069658704,0.7336254046590045,0.0016003356524570082,3773.057145591121,56.80629681818837,1213.390252827703,1
3.775,0.01235791,global,std,last_rise,0.01,0.001,0.45,16.203169886187972,0.5566299614981436,60,0.5576488935387743,0.00040376496069658704,0.7336254046590045,0.0016003356524570082,2026.8815967846679,26.000489417557766,593.6894352265971,1
3.775,0.01305204,global,std,last_rise,0.01,0.001,0.45,31.49960374247156,0.531567131569749,53,0.5576488935387743,0.00040376496069658704,0.7336254046590045,0.0016003356524570082,1516.5301483307883,16.8705829646876,455.4163541577632,1
3.775,0.01531428,global,std,last_rise,0.01,0.001,0.45,22.792825475773903,0.5214938362245605,47,0.5576488935387743,0.00040376496069658704,0.7336254046590045,0.0016003356524570082,736.820484200861,5.998741086708315,231.05247562429676,1
3.775,0.0182283,global,std,last_rise,0.01,0.001,0.45,22.792825475773903,0.4994075738473741,42,0.5576488935387743,0.00040376496069658704,0.7336254046590045,0.0016003356524570082,416.19511760075187,3.8499471582663882,132.70895745263095,1
3.775,0.02445457,global,std,last_rise,0.01,0.001,0.45,420.58444926569615,0.094981183127646,13,0.5576488935387743,0.00040376496069658704,0.7336254046590045,0.0016003356524570082,181.64378417794458,4.130871610042622,2.0026530569001597,1
3.775,0.03610087,global,std,last_rise,0.01,0.001,0.45,196.59749580998604,0.0848231733847966,12,0.5576488935387743,0.00040376496069658704,0.7336254046590045,0.0016003356524570082,80.36542199479064,1.3263919684837748,1.530282434812648,1
3.775,0.05356109,global,std,last_rise,0.01,0.001,0.45,91.89730011710618,0.0939243612667082,14,0.5576488935387743,0.00040376496069658704,0.7336254046590045,0.0016003356524570082,41.28989962121901,0.6309015589802163,1.168300495379896,1
3.775,0.07946596,global,std,last_rise,0.01,0.001,0.45,48.76108879434957,0.0924818139008477,16,0.5576488935387743,0.00040376496069658704,0.7336254046590045,0.0016003356524570082,22.3353699702466,0.3057091136754879,0.8882680739700957,1
3.775,0.12396405,global,std,last_rise,0.01,0.001,0.45,22.792825475773903,0.091677798412295,19,0.5576488935387743,0.00040376496069658704,0.7336254046590045,0.0016003356524570082,11.25088695073211,0.16429998922529268,0.6687577479007439,1
3.775,0.13638536,global,std,last_rise,0.01,0.001,0.45,17.689127897190275,0.0981062848108325,19,0.5576488935387743,0.00040376496069658704,0.7336254046590045,0.0016003356524570082,9.571792557145526,0.10022628309374289,0.6303682848265348,1
3.8,0.00796442,global,std,last_rise,0.01,0.001,0.45,20.327170567684725,0.5587858656713635,63,0.5576488935387743,0.00040376496069658704,0.7336254046590045,0.0016003356524570082,3600.2666428471575,39.98275313672083,1074.480631550456,1
3.8,0.00876128,global,std,last_rise,0.01,0.001,0.45,31.14105635262812,0.5450489054588867,56,0.5576488935387743,0.00040376496069658704,0.7336254046590045,0.0016003356524570082,2288.689559076233,29.53231611116124,688.6783153528673,1
3.8,0.00961925,global,std,last_rise,0.01,0.001,0.45,28.10003636485968,0.5412885606535288,54,0.5576488935387743,0.00040376496069658704,0.7336254046590045,0.0016003356524570082,1608.2722054854635,16.64915818595158,483.07821482156606,1
3.8,0.01157466,global,std,last_rise,0.01,0.001,0.45,17.689127897190275,0.5378298674062927,50,0.5576488935387743,0.00040376496069658704,0.7336254046590045,0.0016003356524570082,833.8317151284623,7.997523411385102,261.1809614315298,1
3.8,0.01365467,global,std,last_rise,0.01,0.001,0.45,25.872836061348632,0.5001038102717619,41,0.5576488935387743,0.00040376496069658704,0.7336254046590045,0.0016003356524570082,515.6151968067071,3.946784349415881,164.10081800393345,1
3.8,0.01973598,global,std,last_rise,0.01,0.001,0.45,477.4183225932176,0.0926682775251635,12,0.5576488935387743,0.00040376496069658704,0.7336254046590045,0.0016003356524570082,206.73175788907918,2.630161299878187,2.274181563594442,1
3.8,0.03119342,global,std,last_rise,0.01,0.001,0.45,196.59749580998604,0.0910950487511244,12,0.5576488935387743,0.00040376496069658704,0.7336254046590045,0.0016003356524570082,84.88023582381939,1.39069975416646,1.6538173695612808,1
3.8,0.04493352,global,std,last_rise,0.01,0.001,0.45,104.31544711021446,0.0930131990673326,12,0.5576488935387743,0.00040376496069658704,0.7336254046590045,0.0016003356524570082,46.26043920792507,0.6435474623768123,1.2989565983764055,1
3.8,0.08400365,global,std,last_rise,0.01,0.001,0.45,37.842659612617176,0.0933351396002226,15,0.5576488935387743,0.00040376496069658704,0.7336254046590045,0.0016003356524570082,18.239426011556656,0.2751059002141037,0.8589225734628583,1
3.8,0.11665069,global,std,last_rise,0.01,0.001,0.45,22.792825475773903,0.0937141091453106,17,0.5576488935387743,0.00040376496069658704,0.7336254046590045,0.0016003356524570082,11.41698496816402,0.1794896957364373,0.6919942875144448,1
3.8,0.13345388,global,std,last_rise,0.01,0.001,0.45,17.689127897190275,0.0968902066187896,18,0.5576488935387743,0.00040376496069658704,0.7336254046590045,0.0016003356524570082,9.58965913587497,0.12967070951519297,0.6385479920848035,1
3.815,0.00526263,global,std,last_rise,0.01,0.001,0.45,25.620174817897546,0.5578819678247305,66,0.5576488935387743,0.00040376496069658704,0.7336254046590045,0.0016003356524570082,6249.582204596271,84.40941049450471,2012.8038075344962,1
3.815,0.0060978,global,std,last_rise,0.01,0.001,0.45,23.593913593091,0.5554564908183387,61,0.5576488935387743,0.00040376496069658704,0.7336254046590045,0.0016003356524570082,3493.502317110827,50.08439395062964,1050.4970422734043,1
3.815,0.0068171315,global,std,last_rise,0.01,0.001,0.45,23.138813478274493,0.5532719390978376,61,0.5576488935387743,0.00040376496069658704,0.7336254046590045,0.0016003356524570082,2473.7590253956064,32.729585985425544,746.9034021358991,1
3.815,0.00829312,global,std,last_rise,0.01,0.001,0.45,32.47165281175938,0.5301736732711465,48,0.5576488935387743,0.00040376496069658704,0.7336254046590045,0.0016003356524570082,1313.3180971224895,12.173300134616506,402.1090550498204,1
3.815,0.00881879,global,std,last_rise,0.01,0.001,0.45,20.07947222838848,0.5393267235490903,50,0.5576488935387743,0.00040376496069658704,0.7336254046590045,0.0016003356524570082,1046.2883519046866,11.627336416370277,330.75358690683066,1
3.815,0.01273808,global,std,last_rise,0.01,0.001,0.45,1021.349338403026,0.0831244414675846,15,0.5576488935387743,0.00040376496069658704,0.7336254046590045,0.0016003356524570082,409.35389799314993,9.55427880341074,3.2467280614776146,1
3.815,0.02008463,global,std,last_rise,0.01,0.001,0.45,370.5163178557939,0.0936991095609894,13,0.5576488935387743,0.00040376496069658704,0.7336254046590045,0.0016003356524570082,159.91669845615112,2.742878344829673,2.1730201500951147,1
3.815,0.03205711,global,std,last_rise,0.01,0.001,0.45,173.19370788521238,0.0837776017976347,13,0.5576488935387743,0.00040376496069658704,0.7336254046590045,0.0016003356524570082,71.00315102126216,1.526574189788951,1.5908043198982653,1
3.815,0.05607261,global,std,last_rise,0.01,0.001,0.45,71.31994657291497,0.0876418716756814,13,0.5576488935387743,0.00040376496069658704,0.7336254046590045,0.0016003356524570082,31.453384071641555,0.5425690259225613,1.116197551069775,1
3.815,0.09749689,global,std,last_rise,0.01,0.001,0.45,25.872836061348632,0.0987870361195138,16,0.5576488935387743,0.00040376496069658704,0.7336254046590045,0.0016003356524570082,14.166507623326915,0.17783735871851164,0.7739521029702988,1
3.815,0.10562311,global,std,last_rise,0.01,0.001,0.45,25.872836061348632,0.0912861994995798,17,0.5576488935387743,0.00040376496069658704,0.7336254046590045,0.0016003356524570082,12.661504709997253,0.18542455125297028,0.7354137746265791,1
3.815,0.12622191,global,std,last_rise,0.01,0.001,0.45,17.689127897190275,0.0967586661413148,17,0.5576488935387743,0.00040376496069658704,0.7336254046590045,0.0016003356524570082,9.915002104080758,0.13869743902595172,0.6582493849654553,1
3.825,0.00260712,global,std,last_rise,0.01,0.001,0.45,36.24813904823507,0.5526642908823838,71,0.5576488935387743,0.00040376496069658704,0.7336254046590045,0.0016003356524570082,18116.3635925956,206.44192924822815,6196.7535358327505,1
3.825,0.0057681,global,std,last_rise,0.01,0.001,0.45,35.51568484787901,0.5296710822964225,53,0.5576488935387743,0.00040376496069658704,0.7336254046590045,0.0016003356524570082,2160.1622682402954,25.005961781035133,662.7427031873495,1
3.825,0.00687376,global,std,last_rise,0.01,0.001,0.45,22.228114556525306,0.531786330966978,53,0.5576488935387743,0.00040376496069658704,0.7336254046590045,0.0016003356524570082,1397.5877881292479,14.211862680031828,426.60878972968754,1
3.825,0.0085038,global,std,last_rise,0.01,0.001,0.45,22.792825475773903,0.5290967555563089,47,0.5576488935387743,0.00040376496069658704,0.7336254046590045,0.0016003356524570082,796.0192206163987,6.656535328712446,249.477535361382,1
3.825,0.01083597,global,std,last_rise,0.01,0.001,0.45,29.369050650123167,0.4813187931810018,41,0.5576488935387743,0.00040376496069658704,0.7336254046590045,0.0016003356524570082,462.86369708529406,4.10972767530557,3.473023135723099,1
3.825,0.01691592,global,std,last_rise,0.01,0.001,0.45,420.58444926569615,0.096583484207465,15,0.5576488935387743,0.00040376496069658704,0.7336254046590045,0.0016003356524570082,191.45491682383863,2.9505229745858457,2.391805929861507,1
3.825,0.02759231,global,std,last_rise,0.01,0.001,0.45,196.59749580998604,0.0869841023589943,12,0.5576488935387743,0.00040376496069658704,0.7336254046590045,0.0016003356524570082,83.47683465588514,1.32032557542536,1.7262171513415052,1
3.825,0.04506436,global,std,last_rise,0.01,0.001,0.45,91.89730011710618,0.0869804629977137,13,0.5576488935387743,0.00040376496069658704,0.7336254046590045,0.0016003356524570082,39.434207154427696,0.6461368918151589,1.2731547382379618,1
3.825,0.06529403,global,std,last_rise,0.01,0.001,0.45,48.76108879434957,0.0964862940245676,14,0.5576488935387743,0.00040376496069658704,0.7336254046590045,0.0016003356524570082,24.188166589099474,0.365957241127829,1.0025985994863533,1
3.825,0.10321059,global,std,last_rise,0.01,0.001,0.45,25.872836061348632,0.0896905634180363,17,0.5576488935387743,0.00040376496069658704,0.7336254046590045,0.0016003356524570082,12.717180851708322,0.177430432035744,0.7439494791436025,1
3.825,0.12355752,global,std,last_rise,0.01,0.001,0.45,17.689127897190275,0.0966190163279931,15,0.5576488935387743,0.00040376496069658704,0.7336254046590045,0.0016003356524570082,9.632041074691722,0.13024164361862273,0.6638734548411035,1
3.85,0.00163685,global,std,last_rise,0.01,0.001,0.45,26.21830740485852,0.5632490049644946,65,0.5576488935387743,0.00040376496069658704,0.7336254046590045,0.0016003356524570082,5127.545300399075,59.461090988128014,1571.916395782279,1
3.85,0.00227471,global,std,last_rise,0.01,0.001,0.45,39.81071866301848,0.5280325103488681,56,0.5576488935387743,0.00040376496069658704,0.7336254046590045,0.0016003356524570082,3290.7844096493286,27.36730948491931,993.9773860936057,1
3.85,0.0025044372,global,std,last_rise,0.01,0.001,0.45,38.14128748242447,0.5247521898538012,56,0.5576488935387743,0.00040376496069658704,0.7336254046590045,0.0016003356524570082,2891.190186480934,23.680833165015613,878.6055711392676,1
3.85,0.00373261,global,std,last_rise,0.01,0.001,0.45,32.47165281184972,0.525269075971717,49,0.5576488935387743,0.00040376496069658704,0.7336254046590045,0.0016003356524570082,1459.5667143968335,15.89265374958161,456.2039068387629,1
3.85,0.00476227,global,std,last_rise,0.01,0.001,0.45,29.369050649759096,0.5148530578228788,46,0.5576488935387743,0.00040376496069658704,0.7336254046590045,0.0016003356524570082,1008.5205729310027,9.285262571205164,313.70708792824394,1
3.85,0.00826466,global,std,last_rise,0.01,0.001,0.45,22.792825475773903,0.4824489991407809,42,0.5576488935387743,0.00040376496069658704,0.7336254046590045,0.0016003356524570082,403.455197968065,3.681492632296862,3.7547616556779237,1
3.85,0.01212699,global,std,last_rise,0.01,0.001,0.45,541.9321973165318,0.0879615453370576,12,0.5576488935387743,0.00040376496069658704,0.7336254046590045,0.0016003356524570082,220.4067125080605,4.89156892339722,2.875797391296608,1
3.85,0.0239427,global,std,last_rise,0.01,0.001,0.45,196.59749580998604,0.0863416509150003,12,0.5576488935387743,0.00040376496069658704,0.7336254046590045,0.0016003356524570082,82.108762910395,1.6011803360774806,1.8502182433403165,1
3.85,0.04100738,global,std,last_rise,0.01,0.001,0.45,80.95746126545187,0.0982945206754126,14,0.5576488935387743,0.00040376496069658704,0.7336254046590045,0.0016003356524570082,38.15612879671366,0.4944703941151909,1.3431673225906806,1
3.85,0.0636712,global,std,last_rise,0.01,0.001,0.45,42.95636490189982,0.0981324084762451,15,0.5576488935387743,0.00040376496069658704,0.7336254046590045,0.0016003356524570082,21.601257044501036,0.3325471478889179,1.0147205128402752,1
3.85,0.0988608,global,std,last_rise,0.01,0.001,0.45,22.792825475773903,0.0976006177896472,18,0.5576488935387743,0.00040376496069658704,0.7336254046590045,0.0016003356524570082,12.165827384422546,0.14907158197940468,0.7590749406431742,1
3.85,0.11421505,global,std,last_rise,0.01,0.001,0.45,17.689127897190275,0.0975598921947338,20,0.5576488935387743,0.00040376496069658704,0.7336254046590045,0.0016003356524570082,10.096096771374253,0.17226937276514245,0.6977198130838865,1
