p0,T,q_peak,S_peak,q_argmax,S_argmax
3.750,0.1507937,6.030166,1.469963,6.030166,1.469963
3.750,0.09518981,6.262574,1.589523,6.262574,1.589523
3.750,0.05939491,6.359653,1.764480,6.359653,1.764480
3.750,0.03830322,6.426084,2.009672,6.426084,2.009672
3.750,0.02871607,6.507559,2.175454,6.507559,2.175454
3.750,0.021317,6.611947,2.447887,6.611947,2.447887
3.750,0.0173726,6.671014,2.888291,6.671014,2.888291
3.750,0.01513379,6.693710,3.491784,6.693710,3.491784
3.750,0.01508705,6.687595,3.634727,6.687595,3.634727
3.750,0.01499281,6.734383,4.486425,6.734383,4.486425
3.775,0.12396405,6.098323,1.520096,6.098323,1.520096
3.775,0.07946596,6.227677,1.657040,6.227677,1.657040
3.775,0.05356109,6.385741,1.777655,6.385741,1.777655
3.775,0.03610087,6.525519,1.974436,6.525519,1.974436
3.775,0.02445457,6.522222,2.178863,6.522222,2.178863
3.775,0.0182283,6.549926,2.425575,6.549926,2.425575
3.775,0.01531428,6.627970,2.589136,6.627970,2.589136
3.775,0.01305204,6.669674,2.905315,6.669674,2.905315
3.775,0.01235791,6.699250,3.323459,6.699250,3.323459
3.775,0.01135263,6.743936,4.752314,6.743936,4.752314
3.800,0.11665069,6.141019,1.518081,6.141019,1.518081
3.800,0.08400365,6.130913,1.615922,6.130913,1.615922
3.800,0.04493352,6.393959,1.799568,6.393959,1.799568
3.800,0.03119342,6.466692,1.954496,6.466692,1.954496
3.800,0.01973598,6.598634,2.167513,6.598634,2.167513
3.800,0.01365467,6.623057,2.395697,6.623057,2.395697
3.800,0.01157466,6.604816,2.542003,6.604816,2.542003
3.800,0.00961925,6.686292,2.933661,6.686292,2.933661
3.800,0.00876128,6.688219,3.002189,6.688219,3.002189
3.800,0.00796442,6.724552,4.682260,6.724552,4.682260
3.815,0.10562311,6.183541,1.544251,6.183541,1.544251
3.815,0.09749689,6.190090,1.563085,6.190090,1.563085
3.815,0.05607261,6.393388,1.709091,6.393388,1.709091
3.815,0.03205711,6.441520,1.886254,6.441520,1.886254
3.815,0.02008463,6.490778,2.089930,6.490778,2.089930
3.815,0.01273808,6.551341,2.296752,6.551341,2.296752
3.815,0.00881879,6.634285,2.635265,6.634285,2.635265
3.815,0.00829312,6.632090,2.759242,6.632090,2.759242
3.815,0.0060978,6.683112,3.237488,6.683112,3.237488
3.815,0.00526263,6.745829,4.391094,6.745829,4.391094
3.825,0.10321059,6.227936,1.529190,6.227936,1.529190
3.825,0.06529403,6.276532,1.644054,6.276532,1.644054
3.825,0.04506436,6.335727,1.755181,6.335727,1.755181
3.825,0.02759231,6.392605,1.949813,6.392605,1.949813
3.825,0.01691592,6.528936,2.183419,6.528936,2.183419
3.825,0.01083597,6.577972,2.380185,6.577972,2.380185
3.825,0.0085038,6.626010,2.479021,6.626010,2.479021
3.825,0.00687376,6.675199,2.657274,6.675199,2.657274
3.825,0.0057681,6.675025,2.939278,6.675025,2.939278
3.825,0.00260712,6.740712,6.722262,6.740712,6.722262
3.850,0.0988608,6.143335,1.509736,6.143335,1.509736
3.850,0.0636712,6.137893,1.618703,6.137893,1.618703
3.850,0.04100738,6.342214,1.764014,6.342214,1.764014
3.850,0.0239427,6.431232,1.948399,6.431232,1.948399
3.850,0.01212699,6.479178,2.131288,6.479178,2.131288
3.850,0.00826466,6.538054,2.274246,6.538054,2.274246
3.850,0.00476227,6.610511,2.472736,6.610511,2.472736
3.850,0.00373261,6.618189,2.558720,6.618189,2.558720
3.850,0.00227471,6.675779,2.852356,6.675779,2.852356
3.850,0.00163685,6.701229,2.910691,6.701229,2.910691
3.750,0.16952498,5.881365,1.451151,5.881365,1.451151
3.750,0.016527131,6.688116,2.944029,6.688116,2.944029
3.775,0.13638536,6.077454,1.496386,6.077454,1.496386
3.800,0.13345388,6.092214,1.475837,6.092214,1.475837
3.815,0.12622191,6.044919,1.482579,6.044919,1.482579
3.815,0.0068171315,6.680387,3.208037,6.680387,3.208037
3.825,0.12355752,6.096854,1.487826,6.096854,1.487826
3.850,0.11421505,5.946025,1.478366,5.946025,1.478366
3.850,0.0025044372,6.670681,2.773598,6.670681,2.773598
