ell,P_p3.750_T0.1507937,P_p3.750_T0.021317,P_p3.750_T0.01499281,P_p3.775_T0.01235791,P_p3.815_T0.01273808,P_p3.850_T0.01212699
0.00625,0.0104818,0.00195314,0,0.000651042,0.00195313,0.00325526
0.01875,0.0831989,0.0149741,0.00911458,0.00716146,0.0201823,0.0299484
0.03125,0.105473,0.027344,0.0078125,0.00911458,0.0273438,0.0345058
0.04375,0.170984,0.0312503,0.0104167,0.0110677,0.03125,0.0559905
0.05625,0.194568,0.0305992,0.0117188,0.016276,0.046224,0.0598968
0.06875,0.227978,0.0436201,0.0221354,0.0247396,0.0494792,0.0703136
0.08125,0.232564,0.0572921,0.0227865,0.03125,0.0540365,0.087241
0.09375,0.281697,0.0540369,0.0247396,0.0338542,0.0709635,0.0924494
0.10625,0.295454,0.069011,0.0345052,0.0338542,0.0807292,0.0957047
0.11875,0.311832,0.0820319,0.031901,0.0559896,0.0989583,0.129559
0.13125,0.340002,0.100261,0.0410156,0.0442708,0.0983073,0.139976
0.14375,0.328865,0.118491,0.0540365,0.0651042,0.117187,0.163414
0.15625,0.363586,0.116537,0.0527344,0.0690104,0.14388,0.180993
0.16875,0.383894,0.14909,0.0735677,0.0839844,0.16276,0.208988
0.18125,0.427786,0.16797,0.0904948,0.0885417,0.178385,0.237634
0.19375,0.423201,0.192059,0.09375,0.115885,0.225911,0.266931
0.20625,0.465128,0.188804,0.115234,0.148437,0.253255,0.277999
0.21875,0.47823,0.227866,0.149089,0.155599,0.258464,0.315109
0.23125,0.516226,0.274742,0.142578,0.196615,0.291016,0.363287
0.24375,0.584358,0.287763,0.182943,0.208984,0.310547,0.375657
0.25625,0.582392,0.33594,0.223958,0.235026,0.382813,0.433601
0.26875,0.575186,0.355472,0.233724,0.283203,0.396484,0.453783
0.28125,0.621699,0.414717,0.28776,0.332031,0.414714,0.492847
0.29375,0.698347,0.44792,0.322266,0.360677,0.455078,0.495451
0.30625,0.692451,0.488936,0.373698,0.408854,0.536458,0.58139
0.31875,0.741584,0.532556,0.415365,0.447266,0.5625,0.613291
0.33125,0.765823,0.607427,0.494141,0.51237,0.594401,0.645193
0.34375,0.763203,0.649745,0.526693,0.582682,0.673828,0.725272
0.35625,0.80775,0.688157,0.554036,0.61849,0.733724,0.750663
0.36875,0.800544,0.731126,0.698568,0.683594,0.795573,0.82293
0.38125,0.835265,0.82683,0.716146,0.753906,0.847656,0.86004
0.39375,0.845746,0.880867,0.80599,0.834635,0.900391,0.923843
0.40625,0.886363,0.947924,0.914062,0.915365,0.95638,0.997412
0.41875,0.980044,1.05535,0.98763,1.02734,0.998047,1.00522
0.43125,0.939427,1.0879,1.06706,1.05339,1.06185,1.09116
0.44375,0.98725,1.12045,1.1543,1.17904,1.14128,1.12372
0.45625,1.00625,1.26889,1.27214,1.25065,1.20117,1.18231
0.46875,1.02525,1.32293,1.35286,1.30794,1.24219,1.20705
0.48125,1.05145,1.34962,1.39193,1.47331,1.3737,1.33726
0.49375,1.0449,1.40496,1.58919,1.50716,1.42578,1.31513
0.50625,1.13203,1.45769,1.63867,1.58854,1.47266,1.33205
0.51875,1.16413,1.57228,1.72656,1.68229,1.49349,1.41799
0.53125,1.11762,1.60418,1.81836,1.77018,1.58724,1.46617
0.54375,1.13399,1.7116,1.85612,1.83854,1.65104,1.51435
0.55625,1.1864,1.69207,2.01953,1.95052,1.6901,1.49286
0.56875,1.21064,1.78126,2.04557,1.96159,1.66471,1.5495
0.58125,1.21261,1.87436,2.0306,1.9987,1.79297,1.668
0.59375,1.19688,1.85353,2.21094,2.07161,1.77148,1.62438
0.60625,1.22899,1.91082,2.23372,2.09701,1.83594,1.66149
0.61875,1.23095,1.91733,2.23503,2.15039,1.875,1.72008
0.63125,1.27091,1.97072,2.27279,2.26693,1.81706,1.76891
0.64375,1.28532,1.87632,2.33984,2.21484,1.86068,1.75198
0.65625,1.22964,2.01108,2.33333,2.24089,1.86263,1.71748
0.66875,1.23423,1.95835,2.33789,2.16732,1.88867,1.70511
0.68125,1.21785,1.9909,2.29297,2.22917,1.85807,1.72268
0.69375,1.23554,1.94338,2.17969,2.15951,1.79427,1.75328
0.70625,1.24536,1.91473,2.19727,2.06901,1.82617,1.69078
0.71875,1.25322,1.84507,2.08464,2.02148,1.80078,1.72985
0.73125,1.25912,1.84507,2.07617,2.04362,1.8151,1.68883
0.74375,1.27091,1.81121,2.03906,1.93359,1.79492,1.64912
0.75625,1.23357,1.73504,1.9043,1.90104,1.72786,1.52932
0.76875,1.25257,1.65496,1.79622,1.7474,1.6888,1.57359
0.78125,1.21588,1.62892,1.79492,1.72852,1.58268,1.56057
0.79375,1.22899,1.58725,1.62109,1.62109,1.54622,1.51435
0.80625,1.22505,1.54038,1.50911,1.52474,1.54883,1.48179
0.81875,1.22899,1.48308,1.41992,1.4082,1.4043,1.44534
0.83125,1.13989,1.34832,1.29883,1.34635,1.38346,1.36851
0.84375,1.11958,1.28061,1.1862,1.25911,1.3125,1.29755
0.85625,1.14055,1.22136,1.11198,1.14714,1.25065,1.2383
0.86875,1.08814,1.09701,1.02995,0.988932,1.1556,1.12567
0.88125,1.07897,1.02735,0.910156,0.957031,1.08529,1.14715
0.89375,1.03704,0.957039,0.798828,0.884766,1.04753,1.05015
0.90625,0.985285,0.93881,0.705078,0.770833,0.938802,0.998063
0.91875,1.02852,0.803392,0.662109,0.700521,0.888021,0.972672
0.93125,1.00297,0.766933,0.560547,0.64974,0.832031,0.928401
0.94375,0.938117,0.669927,0.501953,0.529297,0.75,0.811862
0.95625,0.850987,0.598312,0.419922,0.522786,0.69987,0.78582
0.96875,0.847057,0.550786,0.386719,0.438151,0.615234,0.707043
0.98125,0.822162,0.521489,0.313802,0.372396,0.531901,0.624359
0.99375,0.755996,0.473311,0.257161,0.347005,0.497396,0.567718
1.00625,0.815611,0.419925,0.259766,0.273437,0.458984,0.543629
1.01875,0.778925,0.363935,0.184896,0.226563,0.390625,0.494149
1.03125,0.728482,0.301435,0.160156,0.176432,0.33724,0.468107
1.04375,0.68852,0.289065,0.127604,0.164714,0.30599,0.401048
1.05625,0.62956,0.233726,0.117187,0.130859,0.261719,0.363287
1.06875,0.613182,0.207033,0.0872396,0.113932,0.221354,0.333339
1.08125,0.605976,0.166668,0.0891927,0.0898438,0.212891,0.2474
1.09375,0.569945,0.144532,0.0592448,0.0768229,0.158203,0.248702
1.10625,0.502469,0.134767,0.0546875,0.0605469,0.141276,0.207686
1.11875,0.488057,0.0957039,0.0364583,0.0507812,0.136068,0.189456
1.13125,0.493297,0.0872403,0.0234375,0.0403646,0.0970052,0.167971
1.14375,0.41927,0.0677089,0.0240885,0.0338542,0.102214,0.138023
1.15625,0.402892,0.0670578,0.016276,0.0208333,0.0696615,0.129559
1.16875,0.3911,0.0481775,0.0117188,0.0195313,0.047526,0.0911473
1.18125,0.342622,0.0429691,0.0136719,0.0169271,0.0455729,0.0807305
1.19375,0.323624,0.0312503,0.00455729,0.00455729,0.031901,0.0592458
1.20625,0.343277,0.0351565,0.00585938,0.0104167,0.0364583,0.062501
1.21875,0.308557,0.0188804,0.00455729,0.00520833,0.0221354,0.03711
1.23125,0.229288,0.0208335,0.00325521,0.00455729,0.0195313,0.0358079
1.24375,0.241735,0.014323,0.00130208,0.00260417,0.00911458,0.02474
1.25625,0.222082,0.00911466,0.00260417,0.00390625,0.00911458,0.02474
1.26875,0.205704,0.00390628,0.00130208,0.000651042,0.00976563,0.0104168
1.28125,0.184086,0.00651047,0,0.00195313,0.00651042,0.0104168
1.29375,0.166398,0.00390628,0.000651042,0.00260417,0.00585938,0.00781263
1.30625,0.150675,0.00195314,0,0,0,0.00651052
1.31875,0.140849,0.00130209,0,0,0.00260417,0.00520842
1.33125,0.136263,0.00195314,0,0,0.00130208,0.00455737
1.34375,0.109403,0.000651047,0,0,0.000651042,0.00260421
1.35625,0.0943358,0.000651047,0,0,0.00260417,0.00195316
1.36875,0.0917153,0,0,0,0.000651042,0.000651052
1.38125,0.0917153,0,0,0,0.000651042,0.00195316
1.39375,0.0773029,0,0.000651042,0,0,0
