p0,T,ell_mean,ell_std,ell_cv,frac_within_10pct_of_s_hex,p6
3.750,0.01499281,0.64081,0.17322,0.2703,0.2763,0.9197
3.750,0.01508705,0.64094,0.17426,0.2719,0.2748,0.9152
3.750,0.01513379,0.64111,0.17657,0.2754,0.2710,0.8989
3.750,0.016527131,0.64238,0.18413,0.2866,0.2577,0.8605
3.750,0.0173726,0.64296,0.18777,0.2920,0.2551,0.8400
3.750,0.021317,0.64552,0.20080,0.3111,0.2364,0.7797
3.750,0.02871607,0.64948,0.21591,0.3324,0.2171,0.7268
3.750,0.03830322,0.65365,0.23030,0.3523,0.1986,0.6813
3.750,0.05939491,0.66076,0.25048,0.3791,0.1820,0.6193
3.750,0.09518981,0.67054,0.27386,0.4084,0.1674,0.5698
3.750,0.1507937,0.68192,0.29554,0.4334,0.1518,0.5207
3.750,0.16952498,0.68554,0.30187,0.4403,0.1471,0.5051
3.775,0.01135263,0.64081,0.17259,0.2693,0.2760,0.9294
3.775,0.01235791,0.64186,0.18006,0.2805,0.2639,0.8829
3.775,0.01305204,0.64244,0.18372,0.2860,0.2603,0.8640
3.775,0.01531428,0.64431,0.19460,0.3020,0.2435,0.8125
3.775,0.0182283,0.64613,0.20286,0.3140,0.2336,0.7813
3.775,0.02445457,0.64968,0.21655,0.3333,0.2144,0.7192
3.775,0.03610087,0.65488,0.23347,0.3565,0.1972,0.6719
3.775,0.05356109,0.66106,0.25123,0.3800,0.1820,0.6198
3.775,0.07946596,0.66864,0.26924,0.4027,0.1684,0.5756
3.775,0.12396405,0.67895,0.29101,0.4286,0.1553,0.5299
3.775,0.13638536,0.68165,0.29704,0.4358,0.1513,0.5155
3.800,0.00796442,0.64110,0.17335,0.2704,0.2715,0.9280
3.800,0.00876128,0.64206,0.18272,0.2846,0.2581,0.8781
3.800,0.00961925,0.64285,0.18657,0.2902,0.2526,0.8580
3.800,0.01157466,0.64445,0.19572,0.3037,0.2398,0.8166
3.800,0.01365467,0.64596,0.20237,0.3133,0.2326,0.7785
3.800,0.01973598,0.64953,0.21655,0.3334,0.2156,0.7280
3.800,0.03119342,0.65503,0.23448,0.3580,0.1954,0.6649
3.800,0.04493352,0.66034,0.24876,0.3767,0.1841,0.6264
3.800,0.08400365,0.67225,0.27721,0.4124,0.1633,0.5597
3.800,0.11665069,0.67939,0.29166,0.4293,0.1552,0.5266
3.800,0.13345388,0.68289,0.29703,0.4350,0.1530,0.5196
3.815,0.00526263,0.64069,0.17108,0.2670,0.2765,0.9480
3.815,0.0060978,0.64155,0.17784,0.2772,0.2674,0.9113
3.815,0.0068171315,0.64221,0.18171,0.2829,0.2602,0.8865
3.815,0.00829312,0.64366,0.19169,0.2978,0.2463,0.8326
3.815,0.00881879,0.64421,0.19491,0.3026,0.2423,0.8172
3.815,0.01273808,0.64703,0.20693,0.3198,0.2252,0.7670
3.815,0.02008463,0.65132,0.22308,0.3425,0.2080,0.7036
3.815,0.03205711,0.65687,0.24027,0.3658,0.1918,0.6529
3.815,0.05607261,0.66538,0.26178,0.3934,0.1744,0.5940
3.815,0.09749689,0.67658,0.28534,0.4217,0.1591,0.5394
3.815,0.10562311,0.67829,0.28939,0.4267,0.1560,0.5338
3.815,0.12622191,0.68288,0.29798,0.4364,0.1494,0.5166
3.825,0.00260712,0.63972,0.16695,0.2610,0.2781,0.9780
3.825,0.00487453,0.64195,0.18152,0.2828,0.2591,0.8940
3.825,0.0057681,0.64287,0.18820,0.2928,0.2472,0.8574
3.825,0.00687376,0.64391,0.19311,0.2999,0.2434,0.8281
3.825,0.0085038,0.64524,0.20038,0.3106,0.2331,0.7944
3.825,0.01083597,0.64689,0.20668,0.3195,0.2252,0.7639
3.825,0.01691592,0.65077,0.22139,0.3402,0.2085,0.7069
3.825,0.02759231,0.65610,0.23788,0.3626,0.1919,0.6622
3.825,0.04506436,0.66290,0.25579,0.3859,0.1779,0.6138
3.825,0.06529403,0.66915,0.27045,0.4042,0.1678,0.5793
3.825,0.10321059,0.67895,0.29051,0.4279,0.1540,0.5311
3.825,0.12355752,0.68301,0.29724,0.4352,0.1498,0.5198
3.850,0.00163685,0.64287,0.19057,0.2964,0.2405,0.8735
3.850,0.00227471,0.64343,0.19318,0.3002,0.2357,0.8537
3.850,0.0025044372,0.64367,0.19384,0.3012,0.2351,0.8458
3.850,0.00373261,0.64476,0.19948,0.3094,0.2293,0.8107
3.850,0.00476227,0.64563,0.20300,0.3144,0.2257,0.7926
3.850,0.00826466,0.64818,0.21253,0.3279,0.2171,0.7506
3.850,0.01212699,0.65079,0.22191,0.3410,0.2081,0.7163
3.850,0.0239427,0.65704,0.24067,0.3663,0.1899,0.6557
3.850,0.04100738,0.66380,0.25779,0.3884,0.1767,0.6032
3.850,0.0636712,0.67122,0.27536,0.4102,0.1629,0.5656
3.850,0.0988608,0.67981,0.29161,0.4290,0.1530,0.5338
3.850,0.11421505,0.68350,0.29880,0.4372,0.1501,0.5213
