p0,T,waitingTime,tauAlphaEst,tauBlock,tauAlpha,crossed,n,idx
3.75,0.01233005,0.0,10000.0,10000.0,9732.169194976037,1,4096,0
3.75,0.01233005,100000.0,10000.0,10000.0,,0,4096,0
3.75,0.01233005,10000.0,10000.0,10000.0,11780.890006887075,1,4096,0
3.75,0.01233005,110000.0,10000.0,10000.0,,0,4096,0
3.75,0.01233005,120000.0,10000.0,10000.0,,0,4096,0
3.75,0.01233005,130000.0,10000.0,10000.0,,0,4096,0
3.75,0.01233005,140000.0,10000.0,10000.0,,0,4096,0
3.75,0.01233005,20000.0,10000.0,10000.0,17460.66810497826,1,4096,0
3.75,0.01233005,30000.0,10000.0,10000.0,22029.898090913888,1,4096,0
3.75,0.01233005,40000.0,10000.0,10000.0,33804.02729302292,1,4096,0
3.75,0.01233005,50000.0,10000.0,10000.0,57212.13883108811,1,4096,0
3.75,0.01233005,60000.0,10000.0,10000.0,63879.91207191729,1,4096,0
3.75,0.01233005,70000.0,10000.0,10000.0,74232.67514199247,1,4096,0
3.75,0.01233005,80000.0,10000.0,10000.0,,0,4096,0
3.75,0.01233005,90000.0,10000.0,10000.0,,0,4096,0
3.75,0.01345518,0.0,4641.59,4641.59,3935.3826728164404,1,4096,0
3.75,0.01345518,13925.0,4641.59,4641.59,6342.6748387490825,1,4096,0
3.75,0.01345518,18566.0,4641.59,4641.59,8201.66143778088,1,4096,0
3.75,0.01345518,23208.0,4641.59,4641.59,9941.686709625137,1,4096,0
3.75,0.01345518,27850.0,4641.59,4641.59,9712.483971800699,1,4096,0
3.75,0.01345518,32491.0,4641.59,4641.59,9814.366026600452,1,4096,0
3.75,0.01345518,37133.0,4641.59,4641.59,9839.387951157825,1,4096,0
3.75,0.01345518,41774.0,4641.59,4641.59,10314.366300254169,1,4096,0
3.75,0.01345518,46416.0,4641.59,4641.59,9232.207101333615,1,4096,0
3.75,0.01345518,4642.0,4641.59,4641.59,5803.29673334185,1,4096,0
3.75,0.01345518,51057.0,4641.59,4641.59,9212.884475462883,1,4096,0
3.75,0.01345518,55699.0,4641.59,4641.59,12502.361386671384,1,4096,0
3.75,0.01345518,60341.0,4641.59,4641.59,,0,4096,0
3.75,0.01345518,64982.0,4641.59,4641.59,,0,4096,0
3.75,0.01345518,9283.0,4641.59,4641.59,5540.775791337657,1,4096,0
3.75,0.01513379,0.0,2154.43,2154.43,1355.4062534666887,1,4096,0
3.75,0.01513379,10772.0,2154.43,2154.43,3018.2501534692733,1,4096,0
3.75,0.01513379,12927.0,2154.43,2154.43,3762.674087874492,1,4096,0
3.75,0.01513379,15081.0,2154.43,2154.43,3830.3674531475317,1,4096,0
3.75,0.01513379,17235.0,2154.43,2154.43,3155.0634406555846,1,4096,0
3.75,0.01513379,19390.0,2154.43,2154.43,3162.5695693553334,1,4096,0
3.75,0.01513379,21544.0,2154.43,2154.43,3439.924116957638,1,4096,0
3.75,0.01513379,2154.0,2154.43,2154.43,2150.617653889339,1,4096,0
3.75,0.01513379,23699.0,2154.43,2154.43,3422.4458644592587,1,4096,0
3.75,0.01513379,25853.0,2154.43,2154.43,3310.8725676421564,1,4096,0
3.75,0.01513379,28007.0,2154.43,2154.43,3029.386698035691,1,4096,0
3.75,0.01513379,30162.0,2154.43,2154.43,,0,4096,0
3.75,0.01513379,4309.0,2154.43,2154.43,2965.9991533732964,1,4096,0
3.75,0.01513379,6463.0,2154.43,2154.43,2495.0085149400097,1,4096,0
3.75,0.01513379,8618.0,2154.43,2154.43,2302.800172133552,1,4096,0
3.75,0.0173726,0.0,1000.0,1000.0,828.021591344189,1,4096,0
3.75,0.0173726,10000.0,1000.0,1000.0,1481.3500169095626,1,4096,0
3.75,0.0173726,1000.0,1000.0,1000.0,1125.7927177638753,1,4096,0
3.75,0.0173726,11000.0,1000.0,1000.0,1495.1889719606777,1,4096,0
3.75,0.0173726,12000.0,1000.0,1000.0,1307.1989576556625,1,4096,0
3.75,0.0173726,13000.0,1000.0,1000.0,1271.047056336479,1,4096,0
3.75,0.0173726,14000.0,1000.0,1000.0,,0,4096,0
3.75,0.0173726,2000.0,1000.0,1000.0,1390.0414090922518,1,4096,0
3.75,0.0173726,3000.0,1000.0,1000.0,1309.5178424811797,1,4096,0
3.75,0.0173726,4000.0,1000.0,1000.0,1335.0415095821832,1,4096,0
3.75,0.0173726,5000.0,1000.0,1000.0,1388.462894100452,1,4096,0
3.75,0.0173726,6000.0,1000.0,1000.0,1276.3000372342397,1,4096,0
3.75,0.0173726,7000.0,1000.0,1000.0,1413.3560496170403,1,4096,0
3.75,0.0173726,8000.0,1000.0,1000.0,1400.1091183175422,1,4096,0
3.75,0.0173726,9000.0,1000.0,1000.0,1274.3943079641817,1,4096,0
3.75,0.021317,0.0,464.159,1000.0,430.2991174785172,1,4096,0
3.75,0.021317,10000.0,464.159,1000.0,465.16695989248535,1,4096,0
3.75,0.021317,1000.0,464.159,1000.0,463.00188968911084,1,4096,0
3.75,0.021317,11000.0,464.159,1000.0,519.912021676593,1,4096,0
3.75,0.021317,12000.0,464.159,1000.0,443.219048402407,1,4096,0
3.75,0.021317,13000.0,464.159,1000.0,527.0657039003252,1,4096,0
3.75,0.021317,14000.0,464.159,1000.0,509.41663115695826,1,4096,0
3.75,0.021317,2000.0,464.159,1000.0,476.0526160279442,1,4096,0
3.75,0.021317,3000.0,464.159,1000.0,482.9115025654954,1,4096,0
3.75,0.021317,4000.0,464.159,1000.0,469.4209965273079,1,4096,0
3.75,0.021317,5000.0,464.159,1000.0,474.8675941715805,1,4096,0
3.75,0.021317,6000.0,464.159,1000.0,540.0009868780644,1,4096,0
3.75,0.021317,7000.0,464.159,1000.0,453.1032228140466,1,4096,0
3.75,0.021317,8000.0,464.159,1000.0,544.8070129651298,1,4096,0
3.75,0.021317,9000.0,464.159,1000.0,439.5987858488271,1,4096,0
3.75,0.02871607,0.0,215.443,1000.0,171.52258138444643,1,4096,0
3.75,0.02871607,10000.0,215.443,1000.0,204.2406615648594,1,4096,0
3.75,0.02871607,1000.0,215.443,1000.0,218.27093176543008,1,4096,0
3.75,0.02871607,11000.0,215.443,1000.0,219.1668569144909,1,4096,0
3.75,0.02871607,12000.0,215.443,1000.0,205.8881021689885,1,4096,0
3.75,0.02871607,13000.0,215.443,1000.0,202.6156890816841,1,4096,0
3.75,0.02871607,14000.0,215.443,1000.0,229.5314858972407,1,4096,0
3.75,0.02871607,2000.0,215.443,1000.0,199.78933198395254,1,4096,0
3.75,0.02871607,3000.0,215.443,1000.0,203.686117109712,1,4096,0
3.75,0.02871607,4000.0,215.443,1000.0,189.0869688515263,1,4096,0
3.75,0.02871607,5000.0,215.443,1000.0,200.46119166918226,1,4096,0
3.75,0.02871607,6000.0,215.443,1000.0,186.67248338884792,1,4096,0
3.75,0.02871607,7000.0,215.443,1000.0,193.8618471786844,1,4096,0
3.75,0.02871607,8000.0,215.443,1000.0,202.43762980233538,1,4096,0
3.75,0.02871607,9000.0,215.443,1000.0,206.6349092007464,1,4096,0
3.75,0.03830322,0.0,100.0,1000.0,105.01650482934161,1,4096,0
3.75,0.03830322,10000.0,100.0,1000.0,93.45981513622878,1,4096,0
3.75,0.03830322,1000.0,100.0,1000.0,103.90493096516376,1,4096,0
3.75,0.03830322,11000.0,100.0,1000.0,91.87237172832727,1,4096,0
3.75,0.03830322,12000.0,100.0,1000.0,101.83968984417605,1,4096,0
3.75,0.03830322,13000.0,100.0,1000.0,106.9148033868888,1,4096,0
3.75,0.03830322,14000.0,100.0,1000.0,102.64612565447159,1,4096,0
3.75,0.03830322,2000.0,100.0,1000.0,93.13243632075395,1,4096,0
3.75,0.03830322,3000.0,100.0,1000.0,103.17209134360581,1,4096,0
3.75,0.03830322,4000.0,100.0,1000.0,99.71736051294324,1,4096,0
3.75,0.03830322,5000.0,100.0,1000.0,104.31995937037259,1,4096,0
3.75,0.03830322,6000.0,100.0,1000.0,98.37211402437292,1,4096,0
3.75,0.03830322,7000.0,100.0,1000.0,96.35511887769914,1,4096,0
3.75,0.03830322,8000.0,100.0,1000.0,90.61007051320634,1,4096,0
3.75,0.03830322,9000.0,100.0,1000.0,97.60813532213216,1,4096,0
3.75,0.05939491,0.0,46.4159,1000.0,43.54507691940496,1,4096,0
3.75,0.05939491,10000.0,46.4159,1000.0,39.74167768972831,1,4096,0
3.75,0.05939491,1000.0,46.4159,1000.0,41.428849702917915,1,4096,0
3.75,0.05939491,11000.0,46.4159,1000.0,42.25840582506961,1,4096,0
3.75,0.05939491,12000.0,46.4159,1000.0,42.347371613770385,1,4096,0
3.75,0.05939491,13000.0,46.4159,1000.0,44.27173158723425,1,4096,0
3.75,0.05939491,14000.0,46.4159,1000.0,42.57597376113851,1,4096,0
3.75,0.05939491,2000.0,46.4159,1000.0,42.186198612016035,1,4096,0
3.75,0.05939491,3000.0,46.4159,1000.0,39.96006480457047,1,4096,0
3.75,0.05939491,4000.0,46.4159,1000.0,42.04500007770508,1,4096,0
3.75,0.05939491,5000.0,46.4159,1000.0,46.23796593306447,1,4096,0
3.75,0.05939491,6000.0,46.4159,1000.0,43.726537708380306,1,4096,0
3.75,0.05939491,7000.0,46.4159,1000.0,43.914346034796246,1,4096,0
3.75,0.05939491,8000.0,46.4159,1000.0,42.73729523677084,1,4096,0
3.75,0.05939491,9000.0,46.4159,1000.0,42.41503407137091,1,4096,0
3.75,0.09518981,0.0,21.5443,1000.0,20.853147913940653,1,4096,0
3.75,0.09518981,10000.0,21.5443,1000.0,20.37553034380918,1,4096,0
3.75,0.09518981,1000.0,21.5443,1000.0,22.69630055670101,1,4096,0
3.75,0.09518981,11000.0,21.5443,1000.0,19.766363106789722,1,4096,0
3.75,0.09518981,12000.0,21.5443,1000.0,20.79357552984053,1,4096,0
3.75,0.09518981,13000.0,21.5443,1000.0,22.797834768412585,1,4096,0
3.75,0.09518981,14000.0,21.5443,1000.0,19.067180419437175,1,4096,0
3.75,0.09518981,2000.0,21.5443,1000.0,19.723414551623282,1,4096,0
3.75,0.09518981,3000.0,21.5443,1000.0,23.59578656789172,1,4096,0
3.75,0.09518981,4000.0,21.5443,1000.0,21.038110736369422,1,4096,0
3.75,0.09518981,5000.0,21.5443,1000.0,22.589233854315378,1,4096,0
3.75,0.09518981,6000.0,21.5443,1000.0,20.15338342750627,1,4096,0
3.75,0.09518981,7000.0,21.5443,1000.0,21.922153217205356,1,4096,0
3.75,0.09518981,8000.0,21.5443,1000.0,19.59887448649114,1,4096,0
3.75,0.09518981,9000.0,21.5443,1000.0,20.67745843018617,1,4096,0
3.75,0.1507937,0.0,10.0,1000.0,9.866449491140486,1,4096,0
3.75,0.1507937,10000.0,10.0,1000.0,10.127217427280243,1,4096,0
3.75,0.1507937,1000.0,10.0,1000.0,9.971004818738434,1,4096,0
3.75,0.1507937,11000.0,10.0,1000.0,10.507140065119984,1,4096,0
3.75,0.1507937,12000.0,10.0,1000.0,10.395930752677458,1,4096,0
3.75,0.1507937,13000.0,10.0,1000.0,9.844820478712506,1,4096,0
3.75,0.1507937,14000.0,10.0,1000.0,11.046405275902385,1,4096,0
3.75,0.1507937,2000.0,10.0,1000.0,10.335578033893016,1,4096,0
3.75,0.1507937,3000.0,10.0,1000.0,10.420095395986094,1,4096,0
3.75,0.1507937,4000.0,10.0,1000.0,10.29939535498656,1,4096,0
3.75,0.1507937,5000.0,10.0,1000.0,10.849418701393553,1,4096,0
3.75,0.1507937,6000.0,10.0,1000.0,9.95872641506569,1,4096,0
3.75,0.1507937,7000.0,10.0,1000.0,9.60073228389376,1,4096,0
3.75,0.1507937,8000.0,10.0,1000.0,11.430566867965462,1,4096,0
3.75,0.1507937,9000.0,10.0,1000.0,9.595402846908517,1,4096,0
3.775,0.00843176,0.0,10000.0,10000.0,14382.236664897282,1,4096,0
3.775,0.00843176,100000.0,10000.0,10000.0,,0,4096,0
3.775,0.00843176,10000.0,10000.0,10000.0,19396.771752913366,1,4096,0
3.775,0.00843176,110000.0,10000.0,10000.0,39639.55842287831,1,4096,0
3.775,0.00843176,120000.0,10000.0,10000.0,,0,4096,0
3.775,0.00843176,130000.0,10000.0,10000.0,,0,4096,0
3.775,0.00843176,140000.0,10000.0,10000.0,,0,4096,0
3.775,0.00843176,20000.0,10000.0,10000.0,23185.921584451793,1,4096,0
3.775,0.00843176,30000.0,10000.0,10000.0,24531.175528576285,1,4096,0
3.775,0.00843176,40000.0,10000.0,10000.0,27238.216445154947,1,4096,0
3.775,0.00843176,50000.0,10000.0,10000.0,32421.82370839344,1,4096,0
3.775,0.00843176,60000.0,10000.0,10000.0,34404.72967684064,1,4096,0
3.775,0.00843176,70000.0,10000.0,10000.0,42811.10240079849,1,4096,0
3.775,0.00843176,80000.0,10000.0,10000.0,42079.243311433274,1,4096,0
3.775,0.00843176,90000.0,10000.0,10000.0,47707.287988204196,1,4096,0
3.775,0.00957161,0.0,4641.59,4641.59,7204.187223513909,1,4096,0
3.775,0.00957161,13925.0,4641.59,4641.59,14250.809782101775,1,4096,0
3.775,0.00957161,18566.0,4641.59,4641.59,18701.61881985252,1,4096,0
3.775,0.00957161,23208.0,4641.59,4641.59,19747.847665251145,1,4096,0
3.775,0.00957161,27850.0,4641.59,4641.59,19067.63410027795,1,4096,0
3.775,0.00957161,32491.0,4641.59,4641.59,17611.621504752955,1,4096,0
3.775,0.00957161,37133.0,4641.59,4641.59,16611.75265415377,1,4096,0
3.775,0.00957161,41774.0,4641.59,4641.59,20531.42549059494,1,4096,0
3.775,0.00957161,46416.0,4641.59,4641.59,18822.18938846,1,4096,0
3.775,0.00957161,4642.0,4641.59,4641.59,11129.571352206014,1,4096,0
3.775,0.00957161,51057.0,4641.59,4641.59,17631.210171392537,1,4096,0
3.775,0.00957161,55699.0,4641.59,4641.59,,0,4096,0
3.775,0.00957161,60341.0,4641.59,4641.59,,0,4096,0
3.775,0.00957161,64982.0,4641.59,4641.59,,0,4096,0
3.775,0.00957161,9283.0,4641.59,4641.59,13538.611098156605,1,4096,0
3.775,0.01148049,0.0,2154.43,2154.43,2026.0263878869569,1,4096,0
3.775,0.01148049,10772.0,2154.43,2154.43,3543.348849972327,1,4096,0
3.775,0.01148049,12927.0,2154.43,2154.43,5358.2308403105435,1,4096,0
3.775,0.01148049,15081.0,2154.43,2154.43,6380.566109985087,1,4096,0
3.775,0.01148049,17235.0,2154.43,2154.43,8003.036751294449,1,4096,0
3.775,0.01148049,19390.0,2154.43,2154.43,8848.505698803818,1,4096,0
3.775,0.01148049,21544.0,2154.43,2154.43,8118.305009835396,1,4096,0
3.775,0.01148049,2154.0,2154.43,2154.43,2985.8185839235693,1,4096,0
3.775,0.01148049,23699.0,2154.43,2154.43,,0,4096,0
3.775,0.01148049,25853.0,2154.43,2154.43,,0,4096,0
3.775,0.01148049,28007.0,2154.43,2154.43,,0,4096,0
3.775,0.01148049,30162.0,2154.43,2154.43,,0,4096,0
3.775,0.01148049,4309.0,2154.43,2154.43,4017.82500563259,1,4096,0
3.775,0.01148049,6463.0,2154.43,2154.43,5323.861331657719,1,4096,0
3.775,0.01148049,8618.0,2154.43,2154.43,3992.091734624994,1,4096,0
3.775,0.01410022,0.0,1000.0,1000.0,1030.7494666489167,1,4096,0
3.775,0.01410022,10000.0,1000.0,1000.0,1176.0338497481673,1,4096,0
3.775,0.01410022,1000.0,1000.0,1000.0,965.3602499800223,1,4096,0
3.775,0.01410022,11000.0,1000.0,1000.0,1130.0381142694105,1,4096,0
3.775,0.01410022,12000.0,1000.0,1000.0,1228.7779701113182,1,4096,0
3.775,0.01410022,13000.0,1000.0,1000.0,1214.7436864764245,1,4096,0
3.775,0.01410022,14000.0,1000.0,1000.0,,0,4096,0
3.775,0.01410022,2000.0,1000.0,1000.0,974.5888870610423,1,4096,0
3.775,0.01410022,3000.0,1000.0,1000.0,1104.1004422421045,1,4096,0
3.775,0.01410022,4000.0,1000.0,1000.0,1301.057573981562,1,4096,0
3.775,0.01410022,5000.0,1000.0,1000.0,1266.899596331307,1,4096,0
3.775,0.01410022,6000.0,1000.0,1000.0,1309.7087932976574,1,4096,0
3.775,0.01410022,7000.0,1000.0,1000.0,1543.2339136651824,1,4096,0
3.775,0.01410022,8000.0,1000.0,1000.0,1399.129962389759,1,4096,0
3.775,0.01410022,9000.0,1000.0,1000.0,1412.0147237154376,1,4096,0
3.775,0.0182283,0.0,464.159,1000.0,441.952227974589,1,4096,0
3.775,0.0182283,10000.0,464.159,1000.0,456.31297998340506,1,4096,0
3.775,0.0182283,1000.0,464.159,1000.0,457.9455999343017,1,4096,0
3.775,0.0182283,11000.0,464.159,1000.0,427.4975574995215,1,4096,0
3.775,0.0182283,12000.0,464.159,1000.0,465.0383309464722,1,4096,0
3.775,0.0182283,13000.0,464.159,1000.0,459.95473544645597,1,4096,0
3.775,0.0182283,14000.0,464.159,1000.0,492.67113393032656,1,4096,0
3.775,0.0182283,2000.0,464.159,1000.0,482.61113996029434,1,4096,0
3.775,0.0182283,3000.0,464.159,1000.0,425.23111386408186,1,4096,0
3.775,0.0182283,4000.0,464.159,1000.0,538.9191382209218,1,4096,0
3.775,0.0182283,5000.0,464.159,1000.0,430.32805596372475,1,4096,0
3.775,0.0182283,6000.0,464.159,1000.0,489.14013246783196,1,4096,0
3.775,0.0182283,7000.0,464.159,1000.0,457.635420330376,1,4096,0
3.775,0.0182283,8000.0,464.159,1000.0,423.78905719925035,1,4096,0
3.775,0.0182283,9000.0,464.159,1000.0,468.15407897970005,1,4096,0
3.775,0.02445457,0.0,215.443,1000.0,216.72938122243602,1,4096,0
3.775,0.02445457,10000.0,215.443,1000.0,228.4114833965753,1,4096,0
3.775,0.02445457,1000.0,215.443,1000.0,207.0571613380712,1,4096,0
3.775,0.02445457,11000.0,215.443,1000.0,209.01735478916476,1,4096,0
3.775,0.02445457,12000.0,215.443,1000.0,196.04344611333696,1,4096,0
3.775,0.02445457,13000.0,215.443,1000.0,199.0107516927695,1,4096,0
3.775,0.02445457,14000.0,215.443,1000.0,191.0661722572708,1,4096,0
3.775,0.02445457,2000.0,215.443,1000.0,196.88895406459184,1,4096,0
3.775,0.02445457,3000.0,215.443,1000.0,203.21806570584815,1,4096,0
3.775,0.02445457,4000.0,215.443,1000.0,206.33498484962286,1,4096,0
3.775,0.02445457,5000.0,215.443,1000.0,187.89150658002544,1,4096,0
3.775,0.02445457,6000.0,215.443,1000.0,202.77445889114225,1,4096,0
3.775,0.02445457,7000.0,215.443,1000.0,203.40798474455585,1,4096,0
3.775,0.02445457,8000.0,215.443,1000.0,192.55162527487047,1,4096,0
3.775,0.02445457,9000.0,215.443,1000.0,191.95554430074307,1,4096,0
3.775,0.03610087,0.0,100.0,1000.0,96.05363094621475,1,4096,0
3.775,0.03610087,10000.0,100.0,1000.0,82.77302528477671,1,4096,0
3.775,0.03610087,1000.0,100.0,1000.0,84.339378211179,1,4096,0
3.775,0.03610087,11000.0,100.0,1000.0,90.47956484031525,1,4096,0
3.775,0.03610087,12000.0,100.0,1000.0,88.38356880518552,1,4096,0
3.775,0.03610087,13000.0,100.0,1000.0,81.189781317,1,4096,0
3.775,0.03610087,14000.0,100.0,1000.0,86.22791725275198,1,4096,0
3.775,0.03610087,2000.0,100.0,1000.0,90.10448758795603,1,4096,0
3.775,0.03610087,3000.0,100.0,1000.0,95.91125794940388,1,4096,0
3.775,0.03610087,4000.0,100.0,1000.0,87.24831834327371,1,4096,0
3.775,0.03610087,5000.0,100.0,1000.0,95.74878891532262,1,4096,0
3.775,0.03610087,6000.0,100.0,1000.0,98.29162637184291,1,4096,0
3.775,0.03610087,7000.0,100.0,1000.0,92.3921050068019,1,4096,0
3.775,0.03610087,8000.0,100.0,1000.0,96.38748615631324,1,4096,0
3.775,0.03610087,9000.0,100.0,1000.0,85.21511767210585,1,4096,0
3.775,0.05356109,0.0,46.4159,1000.0,42.73463189081487,1,4096,0
3.775,0.05356109,10000.0,46.4159,1000.0,42.74737963606799,1,4096,0
3.775,0.05356109,1000.0,46.4159,1000.0,38.21415240342074,1,4096,0
3.775,0.05356109,11000.0,46.4159,1000.0,43.68739029582147,1,4096,0
3.775,0.05356109,12000.0,46.4159,1000.0,48.07164785251739,1,4096,0
3.775,0.05356109,13000.0,46.4159,1000.0,45.40366117329877,1,4096,0
3.775,0.05356109,14000.0,46.4159,1000.0,44.013571159495314,1,4096,0
3.775,0.05356109,2000.0,46.4159,1000.0,41.969378728509994,1,4096,0
3.775,0.05356109,3000.0,46.4159,1000.0,43.61291318682505,1,4096,0
3.775,0.05356109,4000.0,46.4159,1000.0,45.72131732345062,1,4096,0
3.775,0.05356109,5000.0,46.4159,1000.0,44.35447869443823,1,4096,0
3.775,0.05356109,6000.0,46.4159,1000.0,48.64074197135909,1,4096,0
3.775,0.05356109,7000.0,46.4159,1000.0,44.474045491105166,1,4096,0
3.775,0.05356109,8000.0,46.4159,1000.0,46.477886265539404,1,4096,0
3.775,0.05356109,9000.0,46.4159,1000.0,47.64098984525003,1,4096,0
3.775,0.07946596,0.0,21.5443,1000.0,24.14730900003701,1,4096,0
3.775,0.07946596,10000.0,21.5443,1000.0,21.925034671042088,1,4096,0
3.775,0.07946596,1000.0,21.5443,1000.0,23.610057870155217,1,4096,0
3.775,0.07946596,11000.0,21.5443,1000.0,23.95031897529679,1,4096,0
3.775,0.07946596,12000.0,21.5443,1000.0,26.18500981693222,1,4096,0
3.775,0.07946596,13000.0,21.5443,1000.0,25.73076896018156,1,4096,0
3.775,0.07946596,14000.0,21.5443,1000.0,25.166969902912104,1,4096,0
3.775,0.07946596,2000.0,21.5443,1000.0,22.73964767143656,1,4096,0
3.775,0.07946596,3000.0,21.5443,1000.0,28.436511020410382,1,4096,0
3.775,0.07946596,4000.0,21.5443,1000.0,22.474448580484776,1,4096,0
3.775,0.07946596,5000.0,21.5443,1000.0,23.870227398331508,1,4096,0
3.775,0.07946596,6000.0,21.5443,1000.0,24.945924342491708,1,4096,0
3.775,0.07946596,7000.0,21.5443,1000.0,21.88438363540642,1,4096,0
3.775,0.07946596,8000.0,21.5443,1000.0,25.593408930910535,1,4096,0
3.775,0.07946596,9000.0,21.5443,1000.0,24.155957795834677,1,4096,0
3.775,0.11789975,0.0,10.0,1000.0,11.859454575981157,1,4096,0
3.775,0.11789975,10000.0,10.0,1000.0,13.873553497519163,1,4096,0
3.775,0.11789975,1000.0,10.0,1000.0,13.243047816541445,1,4096,0
3.775,0.11789975,11000.0,10.0,1000.0,16.022000775408436,1,4096,0
3.775,0.11789975,12000.0,10.0,1000.0,13.51794504999647,1,4096,0
3.775,0.11789975,13000.0,10.0,1000.0,14.04136884847092,1,4096,0
3.775,0.11789975,14000.0,10.0,1000.0,14.798104123713234,1,4096,0
3.775,0.11789975,2000.0,10.0,1000.0,12.745017002067966,1,4096,0
3.775,0.11789975,3000.0,10.0,1000.0,13.18391354437567,1,4096,0
3.775,0.11789975,4000.0,10.0,1000.0,15.527184905416464,1,4096,0
3.775,0.11789975,5000.0,10.0,1000.0,15.90592264036158,1,4096,0
3.775,0.11789975,6000.0,10.0,1000.0,13.284118250712467,1,4096,0
3.775,0.11789975,7000.0,10.0,1000.0,14.836235258128687,1,4096,0
3.775,0.11789975,8000.0,10.0,1000.0,12.486670675505316,1,4096,0
3.775,0.11789975,9000.0,10.0,1000.0,13.674009270958523,1,4096,0
3.8,0.00422529,0.0,10000.0,10000.0,17245.718314674494,1,4096,0
3.8,0.00422529,100000.0,10000.0,10000.0,,0,4096,0
3.8,0.00422529,10000.0,10000.0,10000.0,33562.49344210148,1,4096,0
3.8,0.00422529,110000.0,10000.0,10000.0,,0,4096,0
3.8,0.00422529,120000.0,10000.0,10000.0,,0,4096,0
3.8,0.00422529,130000.0,10000.0,10000.0,,0,4096,0
3.8,0.00422529,140000.0,10000.0,10000.0,,0,4096,0
3.8,0.00422529,20000.0,10000.0,10000.0,45517.62131018323,1,4096,0
3.8,0.00422529,30000.0,10000.0,10000.0,54719.792995614,1,4096,0
3.8,0.00422529,40000.0,10000.0,10000.0,58448.18971424257,1,4096,0
3.8,0.00422529,50000.0,10000.0,10000.0,55053.56772288665,1,4096,0
3.8,0.00422529,60000.0,10000.0,10000.0,67590.92796978698,1,4096,0
3.8,0.00422529,70000.0,10000.0,10000.0,74730.0960119658,1,4096,0
3.8,0.00422529,80000.0,10000.0,10000.0,,0,4096,0
3.8,0.00422529,90000.0,10000.0,10000.0,,0,4096,0
3.8,0.00535426,0.0,4641.59,4641.59,8644.226940905668,1,4096,0
3.8,0.00535426,13925.0,4641.59,4641.59,16701.59064372192,1,4096,0
3.8,0.00535426,18566.0,4641.59,4641.59,22517.66351443261,1,4096,0
3.8,0.00535426,23208.0,4641.59,4641.59,23469.047111005435,1,4096,0
3.8,0.00535426,27850.0,4641.59,4641.59,27696.76619048793,1,4096,0
3.8,0.00535426,32491.0,4641.59,4641.59,,0,4096,0
3.8,0.00535426,37133.0,4641.59,4641.59,,0,4096,0
3.8,0.00535426,41774.0,4641.59,4641.59,,0,4096,0
3.8,0.00535426,46416.0,4641.59,4641.59,,0,4096,0
3.8,0.00535426,4642.0,4641.59,4641.59,12205.274276743088,1,4096,0
3.8,0.00535426,51057.0,4641.59,4641.59,,0,4096,0
3.8,0.00535426,55699.0,4641.59,4641.59,,0,4096,0
3.8,0.00535426,60341.0,4641.59,4641.59,,0,4096,0
3.8,0.00535426,64982.0,4641.59,4641.59,,0,4096,0
3.8,0.00535426,9283.0,4641.59,4641.59,12750.075745159376,1,4096,0
3.8,0.00704038,0.0,2154.43,2154.43,3438.772053662568,1,4096,0
3.8,0.00704038,10772.0,2154.43,2154.43,10172.744634727049,1,4096,0
3.8,0.00704038,12927.0,2154.43,2154.43,10093.674205475476,1,4096,0
3.8,0.00704038,15081.0,2154.43,2154.43,11028.17189014042,1,4096,0
3.8,0.00704038,17235.0,2154.43,2154.43,13960.299991789503,1,4096,0
3.8,0.00704038,19390.0,2154.43,2154.43,,0,4096,0
3.8,0.00704038,21544.0,2154.43,2154.43,,0,4096,0
3.8,0.00704038,2154.0,2154.43,2154.43,4411.384456950552,1,4096,0
3.8,0.00704038,23699.0,2154.43,2154.43,,0,4096,0
3.8,0.00704038,25853.0,2154.43,2154.43,,0,4096,0
3.8,0.00704038,28007.0,2154.43,2154.43,,0,4096,0
3.8,0.00704038,30162.0,2154.43,2154.43,,0,4096,0
3.8,0.00704038,4309.0,2154.43,2154.43,5326.469614640125,1,4096,0
3.8,0.00704038,6463.0,2154.43,2154.43,6576.4845031982895,1,4096,0
3.8,0.00704038,8618.0,2154.43,2154.43,7607.177148161977,1,4096,0
3.8,0.00996505,0.0,1000.0,1000.0,1233.648342361644,1,4096,0
3.8,0.00996505,10000.0,1000.0,1000.0,1720.421737495586,1,4096,0
3.8,0.00996505,1000.0,1000.0,1000.0,1350.3641555397637,1,4096,0
3.8,0.00996505,11000.0,1000.0,1000.0,1705.6314773063193,1,4096,0
3.8,0.00996505,12000.0,1000.0,1000.0,1917.8296099016443,1,4096,0
3.8,0.00996505,13000.0,1000.0,1000.0,1710.8260958289202,1,4096,0
3.8,0.00996505,14000.0,1000.0,1000.0,,0,4096,0
3.8,0.00996505,2000.0,1000.0,1000.0,1255.4951956577931,1,4096,0
3.8,0.00996505,3000.0,1000.0,1000.0,1354.9199211871344,1,4096,0
3.8,0.00996505,4000.0,1000.0,1000.0,1506.8490293751327,1,4096,0
3.8,0.00996505,5000.0,1000.0,1000.0,1629.6651466906605,1,4096,0
3.8,0.00996505,6000.0,1000.0,1000.0,1484.9474680342964,1,4096,0
3.8,0.00996505,7000.0,1000.0,1000.0,1724.3344535628512,1,4096,0
3.8,0.00996505,8000.0,1000.0,1000.0,1775.614846862295,1,4096,0
3.8,0.00996505,9000.0,1000.0,1000.0,1721.4987376152603,1,4096,0
3.8,0.01365467,0.0,464.159,1000.0,548.6053784420446,1,4096,0
3.8,0.01365467,10000.0,464.159,1000.0,564.7676799230206,1,4096,0
3.8,0.01365467,1000.0,464.159,1000.0,579.6450470092329,1,4096,0
3.8,0.01365467,11000.0,464.159,1000.0,579.3449883145577,1,4096,0
3.8,0.01365467,12000.0,464.159,1000.0,543.296448591201,1,4096,0
3.8,0.01365467,13000.0,464.159,1000.0,569.7252370663591,1,4096,0
3.8,0.01365467,14000.0,464.159,1000.0,562.6188274594325,1,4096,0
3.8,0.01365467,2000.0,464.159,1000.0,572.6922014327014,1,4096,0
3.8,0.01365467,3000.0,464.159,1000.0,523.5861879057721,1,4096,0
3.8,0.01365467,4000.0,464.159,1000.0,520.4522012195628,1,4096,0
3.8,0.01365467,5000.0,464.159,1000.0,610.8957590493574,1,4096,0
3.8,0.01365467,6000.0,464.159,1000.0,640.8835714500342,1,4096,0
3.8,0.01365467,7000.0,464.159,1000.0,558.350099294138,1,4096,0
3.8,0.01365467,8000.0,464.159,1000.0,606.1255306425178,1,4096,0
3.8,0.01365467,9000.0,464.159,1000.0,509.0156120120885,1,4096,0
3.8,0.01973598,0.0,215.443,1000.0,204.67115901590816,1,4096,0
3.8,0.01973598,10000.0,215.443,1000.0,236.22728646956918,1,4096,0
3.8,0.01973598,1000.0,215.443,1000.0,233.59582459494095,1,4096,0
3.8,0.01973598,11000.0,215.443,1000.0,205.87240195421074,1,4096,0
3.8,0.01973598,12000.0,215.443,1000.0,233.115622371665,1,4096,0
3.8,0.01973598,13000.0,215.443,1000.0,238.1013504695441,1,4096,0
3.8,0.01973598,14000.0,215.443,1000.0,209.85236025945866,1,4096,0
3.8,0.01973598,2000.0,215.443,1000.0,230.08120854209878,1,4096,0
3.8,0.01973598,3000.0,215.443,1000.0,237.1449439989605,1,4096,0
3.8,0.01973598,4000.0,215.443,1000.0,204.81473884282573,1,4096,0
3.8,0.01973598,5000.0,215.443,1000.0,246.396228002265,1,4096,0
3.8,0.01973598,6000.0,215.443,1000.0,221.80253386247838,1,4096,0
3.8,0.01973598,7000.0,215.443,1000.0,229.6659999760353,1,4096,0
3.8,0.01973598,8000.0,215.443,1000.0,233.1837819247824,1,4096,0
3.8,0.01973598,9000.0,215.443,1000.0,221.01149476158264,1,4096,0
3.8,0.03119342,0.0,100.0,1000.0,90.2503859366156,1,4096,0
3.8,0.03119342,10000.0,100.0,1000.0,88.59184927062992,1,4096,0
3.8,0.03119342,1000.0,100.0,1000.0,98.72711593863235,1,4096,0
3.8,0.03119342,11000.0,100.0,1000.0,97.00737347706549,1,4096,0
3.8,0.03119342,12000.0,100.0,1000.0,92.12152258401618,1,4096,0
3.8,0.03119342,13000.0,100.0,1000.0,92.79681920895315,1,4096,0
3.8,0.03119342,14000.0,100.0,1000.0,89.98933759298521,1,4096,0
3.8,0.03119342,2000.0,100.0,1000.0,97.75510024950493,1,4096,0
3.8,0.03119342,3000.0,100.0,1000.0,102.48491215217221,1,4096,0
3.8,0.03119342,4000.0,100.0,1000.0,82.49597767293308,1,4096,0
3.8,0.03119342,5000.0,100.0,1000.0,94.89573853111979,1,4096,0
3.8,0.03119342,6000.0,100.0,1000.0,87.42723953093792,1,4096,0
3.8,0.03119342,7000.0,100.0,1000.0,88.02862882877933,1,4096,0
3.8,0.03119342,8000.0,100.0,1000.0,85.31710142579844,1,4096,0
3.8,0.03119342,9000.0,100.0,1000.0,85.60129480908651,1,4096,0
3.8,0.04493352,0.0,46.4159,1000.0,54.49927040025904,1,4096,0
3.8,0.04493352,10000.0,46.4159,1000.0,49.216710830836284,1,4096,0
3.8,0.04493352,1000.0,46.4159,1000.0,52.52042215693366,1,4096,0
3.8,0.04493352,11000.0,46.4159,1000.0,48.16789366908624,1,4096,0
3.8,0.04493352,12000.0,46.4159,1000.0,50.72698015879185,1,4096,0
3.8,0.04493352,13000.0,46.4159,1000.0,54.731670136461815,1,4096,0
3.8,0.04493352,14000.0,46.4159,1000.0,51.78761499228605,1,4096,0
3.8,0.04493352,2000.0,46.4159,1000.0,47.52056960983597,1,4096,0
3.8,0.04493352,3000.0,46.4159,1000.0,51.14599197403344,1,4096,0
3.8,0.04493352,4000.0,46.4159,1000.0,51.62808573825499,1,4096,0
3.8,0.04493352,5000.0,46.4159,1000.0,46.518705596370985,1,4096,0
3.8,0.04493352,6000.0,46.4159,1000.0,51.40792860877477,1,4096,0
3.8,0.04493352,7000.0,46.4159,1000.0,47.622975664978014,1,4096,0
3.8,0.04493352,8000.0,46.4159,1000.0,46.77678318514888,1,4096,0
3.8,0.04493352,9000.0,46.4159,1000.0,47.61931921696173,1,4096,0
3.8,0.06198152,0.0,21.5443,1000.0,31.46877608643735,1,4096,0
3.8,0.06198152,10000.0,21.5443,1000.0,30.04347529648851,1,4096,0
3.8,0.06198152,1000.0,21.5443,1000.0,27.820936508508744,1,4096,0
3.8,0.06198152,11000.0,21.5443,1000.0,28.45251832599202,1,4096,0
3.8,0.06198152,12000.0,21.5443,1000.0,31.584426041598242,1,4096,0
3.8,0.06198152,13000.0,21.5443,1000.0,29.852962699934857,1,4096,0
3.8,0.06198152,14000.0,21.5443,1000.0,28.54361759418997,1,4096,0
3.8,0.06198152,2000.0,21.5443,1000.0,34.261260185719976,1,4096,0
3.8,0.06198152,3000.0,21.5443,1000.0,33.08688621334284,1,4096,0
3.8,0.06198152,4000.0,21.5443,1000.0,31.281306695064373,1,4096,0
3.8,0.06198152,5000.0,21.5443,1000.0,26.175270601225815,1,4096,0
3.8,0.06198152,6000.0,21.5443,1000.0,31.756384838297823,1,4096,0
3.8,0.06198152,7000.0,21.5443,1000.0,29.83131436724975,1,4096,0
3.8,0.06198152,8000.0,21.5443,1000.0,32.16659413688605,1,4096,0
3.8,0.06198152,9000.0,21.5443,1000.0,32.54397784358892,1,4096,0
3.8,0.08400365,0.0,10.0,1000.0,20.506686429083654,1,4096,0
3.8,0.08400365,10000.0,10.0,1000.0,20.102012150864294,1,4096,0
3.8,0.08400365,1000.0,10.0,1000.0,19.927927609707424,1,4096,0
3.8,0.08400365,11000.0,10.0,1000.0,20.9268686352202,1,4096,0
3.8,0.08400365,12000.0,10.0,1000.0,19.940791361943813,1,4096,0
3.8,0.08400365,13000.0,10.0,1000.0,19.922054761743734,1,4096,0
3.8,0.08400365,14000.0,10.0,1000.0,20.566843949592748,1,4096,0
3.8,0.08400365,2000.0,10.0,1000.0,19.234192867781953,1,4096,0
3.8,0.08400365,3000.0,10.0,1000.0,20.50500616965756,1,4096,0
3.8,0.08400365,4000.0,10.0,1000.0,21.302716571213644,1,4096,0
3.8,0.08400365,5000.0,10.0,1000.0,20.619705916059118,1,4096,0
3.8,0.08400365,6000.0,10.0,1000.0,21.476801329277496,1,4096,0
3.8,0.08400365,7000.0,10.0,1000.0,21.81445097476601,1,4096,0
3.8,0.08400365,8000.0,10.0,1000.0,20.77442456458409,1,4096,0
3.8,0.08400365,9000.0,10.0,1000.0,20.681160844526687,1,4096,0
3.815,0.00297748,0.0,10000.0,10000.0,20404.592843633534,1,4096,0
3.815,0.00297748,100000.0,10000.0,10000.0,,0,4096,0
3.815,0.00297748,10000.0,10000.0,10000.0,32507.74544212919,1,4096,0
3.815,0.00297748,110000.0,10000.0,10000.0,,0,4096,0
3.815,0.00297748,120000.0,10000.0,10000.0,,0,4096,0
3.815,0.00297748,130000.0,10000.0,10000.0,,0,4096,0
3.815,0.00297748,140000.0,10000.0,10000.0,,0,4096,0
3.815,0.00297748,20000.0,10000.0,10000.0,48905.43838998244,1,4096,0
3.815,0.00297748,30000.0,10000.0,10000.0,79728.09010061045,1,4096,0
3.815,0.00297748,40000.0,10000.0,10000.0,92192.5905242973,1,4096,0
3.815,0.00297748,50000.0,10000.0,10000.0,,0,4096,0
3.815,0.00297748,60000.0,10000.0,10000.0,,0,4096,0
3.815,0.00297748,70000.0,10000.0,10000.0,,0,4096,0
3.815,0.00297748,80000.0,10000.0,10000.0,,0,4096,0
3.815,0.00297748,90000.0,10000.0,10000.0,,0,4096,0
3.815,0.00417946,0.0,4641.59,4641.59,8432.429010208209,1,4096,0
3.815,0.00417946,13925.0,4641.59,4641.59,18058.90466241685,1,4096,0
3.815,0.00417946,18566.0,4641.59,4641.59,20393.09127690191,1,4096,0
3.815,0.00417946,23208.0,4641.59,4641.59,22767.079728058892,1,4096,0
3.815,0.00417946,27850.0,4641.59,4641.59,23441.99966693851,1,4096,0
3.815,0.00417946,32491.0,4641.59,4641.59,25496.415527872683,1,4096,0
3.815,0.00417946,37133.0,4641.59,4641.59,25084.822373845553,1,4096,0
3.815,0.00417946,41774.0,4641.59,4641.59,,0,4096,0
3.815,0.00417946,46416.0,4641.59,4641.59,,0,4096,0
3.815,0.00417946,4642.0,4641.59,4641.59,10694.097328391068,1,4096,0
3.815,0.00417946,51057.0,4641.59,4641.59,,0,4096,0
3.815,0.00417946,55699.0,4641.59,4641.59,,0,4096,0
3.815,0.00417946,60341.0,4641.59,4641.59,,0,4096,0
3.815,0.00417946,64982.0,4641.59,4641.59,,0,4096,0
3.815,0.00417946,9283.0,4641.59,4641.59,12981.103538700652,1,4096,0
3.815,0.00590473,0.0,2154.43,2154.43,2206.9141488163095,1,4096,0
3.815,0.00590473,10772.0,2154.43,2154.43,5383.082493697252,1,4096,0
3.815,0.00590473,12927.0,2154.43,2154.43,4844.063839545143,1,4096,0
3.815,0.00590473,15081.0,2154.43,2154.43,5125.785236799481,1,4096,0
3.815,0.00590473,17235.0,2154.43,2154.43,5877.340157447454,1,4096,0
3.815,0.00590473,19390.0,2154.43,2154.43,4987.277311948556,1,4096,0
3.815,0.00590473,21544.0,2154.43,2154.43,5156.7214630944745,1,4096,0
3.815,0.00590473,2154.0,2154.43,2154.43,3975.443557933728,1,4096,0
3.815,0.00590473,23699.0,2154.43,2154.43,6798.469946121956,1,4096,0
3.815,0.00590473,25853.0,2154.43,2154.43,,0,4096,0
3.815,0.00590473,28007.0,2154.43,2154.43,,0,4096,0
3.815,0.00590473,30162.0,2154.43,2154.43,,0,4096,0
3.815,0.00590473,4309.0,2154.43,2154.43,4109.238504510016,1,4096,0
3.815,0.00590473,6463.0,2154.43,2154.43,4311.830247012019,1,4096,0
3.815,0.00590473,8618.0,2154.43,2154.43,5434.140371662006,1,4096,0
3.815,0.00881879,0.0,1000.0,1000.0,949.2393947549158,1,4096,0
3.815,0.00881879,10000.0,1000.0,1000.0,1253.1266686278586,1,4096,0
3.815,0.00881879,1000.0,1000.0,1000.0,1084.0850380415877,1,4096,0
3.815,0.00881879,11000.0,1000.0,1000.0,1304.9785301790994,1,4096,0
3.815,0.00881879,12000.0,1000.0,1000.0,1384.542367324603,1,4096,0
3.815,0.00881879,13000.0,1000.0,1000.0,1107.4786844019168,1,4096,0
3.815,0.00881879,14000.0,1000.0,1000.0,,0,4096,0
3.815,0.00881879,2000.0,1000.0,1000.0,1115.5609125714277,1,4096,0
3.815,0.00881879,3000.0,1000.0,1000.0,988.0415481755434,1,4096,0
3.815,0.00881879,4000.0,1000.0,1000.0,1155.2378195501794,1,4096,0
3.815,0.00881879,5000.0,1000.0,1000.0,1087.182816586987,1,4096,0
3.815,0.00881879,6000.0,1000.0,1000.0,1445.2836418793452,1,4096,0
3.815,0.00881879,7000.0,1000.0,1000.0,1319.097462846339,1,4096,0
3.815,0.00881879,8000.0,1000.0,1000.0,1303.8346643199216,1,4096,0
3.815,0.00881879,9000.0,1000.0,1000.0,1308.1179267026118,1,4096,0
3.815,0.01273808,0.0,464.159,1000.0,417.24018700937444,1,4096,0
3.815,0.01273808,10000.0,464.159,1000.0,473.1963473778019,1,4096,0
3.815,0.01273808,1000.0,464.159,1000.0,454.8687637106697,1,4096,0
3.815,0.01273808,11000.0,464.159,1000.0,432.49178710164966,1,4096,0
3.815,0.01273808,12000.0,464.159,1000.0,495.18514190023865,1,4096,0
3.815,0.01273808,13000.0,464.159,1000.0,477.1183463563011,1,4096,0
3.815,0.01273808,14000.0,464.159,1000.0,486.58870430314585,1,4096,0
3.815,0.01273808,2000.0,464.159,1000.0,477.95231516844797,1,4096,0
3.815,0.01273808,3000.0,464.159,1000.0,462.4009922231929,1,4096,0
3.815,0.01273808,4000.0,464.159,1000.0,438.4963371304763,1,4096,0
3.815,0.01273808,5000.0,464.159,1000.0,487.08187486630214,1,4096,0
3.815,0.01273808,6000.0,464.159,1000.0,503.6323239424021,1,4096,0
3.815,0.01273808,7000.0,464.159,1000.0,526.4621277436173,1,4096,0
3.815,0.01273808,8000.0,464.159,1000.0,441.4847855700285,1,4096,0
3.815,0.01273808,9000.0,464.159,1000.0,497.76553102941875,1,4096,0
3.815,0.02008463,0.0,215.443,1000.0,174.99992052368322,1,4096,0
3.815,0.02008463,10000.0,215.443,1000.0,158.67825480235678,1,4096,0
3.815,0.02008463,1000.0,215.443,1000.0,182.60723650292744,1,4096,0
3.815,0.02008463,11000.0,215.443,1000.0,173.8358762715786,1,4096,0
3.815,0.02008463,12000.0,215.443,1000.0,188.14436695509897,1,4096,0
3.815,0.02008463,13000.0,215.443,1000.0,180.22704752496742,1,4096,0
3.815,0.02008463,14000.0,215.443,1000.0,176.27196640004098,1,4096,0
3.815,0.02008463,2000.0,215.443,1000.0,178.96322987610407,1,4096,0
3.815,0.02008463,3000.0,215.443,1000.0,170.8359428622897,1,4096,0
3.815,0.02008463,4000.0,215.443,1000.0,169.45200081660235,1,4096,0
3.815,0.02008463,5000.0,215.443,1000.0,193.3032609229415,1,4096,0
3.815,0.02008463,6000.0,215.443,1000.0,174.38542946591818,1,4096,0
3.815,0.02008463,7000.0,215.443,1000.0,177.77290608078647,1,4096,0
3.815,0.02008463,8000.0,215.443,1000.0,173.5237234933631,1,4096,0
3.815,0.02008463,9000.0,215.443,1000.0,196.66327662937215,1,4096,0
3.815,0.03205711,0.0,100.0,1000.0,78.14285651618702,1,4096,0
3.815,0.03205711,10000.0,100.0,1000.0,86.94961014843139,1,4096,0
3.815,0.03205711,1000.0,100.0,1000.0,79.46180704188443,1,4096,0
3.815,0.03205711,11000.0,100.0,1000.0,81.24477794001362,1,4096,0
3.815,0.03205711,12000.0,100.0,1000.0,73.24676093425354,1,4096,0
3.815,0.03205711,13000.0,100.0,1000.0,76.35635635129687,1,4096,0
3.815,0.03205711,14000.0,100.0,1000.0,84.04121962911219,1,4096,0
3.815,0.03205711,2000.0,100.0,1000.0,77.83567126792187,1,4096,0
3.815,0.03205711,3000.0,100.0,1000.0,67.39175330455359,1,4096,0
3.815,0.03205711,4000.0,100.0,1000.0,72.65270016850764,1,4096,0
3.815,0.03205711,5000.0,100.0,1000.0,70.93955102511812,1,4096,0
3.815,0.03205711,6000.0,100.0,1000.0,77.36383217397322,1,4096,0
3.815,0.03205711,7000.0,100.0,1000.0,77.01665178363977,1,4096,0
3.815,0.03205711,8000.0,100.0,1000.0,77.15317561427622,1,4096,0
3.815,0.03205711,9000.0,100.0,1000.0,77.41502705293003,1,4096,0
3.815,0.05607261,0.0,46.4159,1000.0,31.189290314211675,1,4096,0
3.815,0.05607261,10000.0,46.4159,1000.0,33.273986785398705,1,4096,0
3.815,0.05607261,1000.0,46.4159,1000.0,31.85061829514293,1,4096,0
3.815,0.05607261,11000.0,46.4159,1000.0,36.80650335426516,1,4096,0
3.815,0.05607261,12000.0,46.4159,1000.0,31.289205284839667,1,4096,0
3.815,0.05607261,13000.0,46.4159,1000.0,33.516128416173714,1,4096,0
3.815,0.05607261,14000.0,46.4159,1000.0,35.626038651762464,1,4096,0
3.815,0.05607261,2000.0,46.4159,1000.0,31.81218513250348,1,4096,0
3.815,0.05607261,3000.0,46.4159,1000.0,31.064473544871078,1,4096,0
3.815,0.05607261,4000.0,46.4159,1000.0,28.09277673442387,1,4096,0
3.815,0.05607261,5000.0,46.4159,1000.0,30.79791482152607,1,4096,0
3.815,0.05607261,6000.0,46.4159,1000.0,34.52446388638459,1,4096,0
3.815,0.05607261,7000.0,46.4159,1000.0,33.398540282049055,1,4096,0
3.815,0.05607261,8000.0,46.4159,1000.0,34.51241649755095,1,4096,0
3.815,0.05607261,9000.0,46.4159,1000.0,32.046132320127484,1,4096,0
3.815,0.09749689,0.0,21.5443,1000.0,16.601664451076317,1,4096,0
3.815,0.09749689,10000.0,21.5443,1000.0,16.157281740134476,1,4096,0
3.815,0.09749689,1000.0,21.5443,1000.0,15.925264280290085,1,4096,0
3.815,0.09749689,11000.0,21.5443,1000.0,15.830561423219233,1,4096,0
3.815,0.09749689,12000.0,21.5443,1000.0,16.31081636851186,1,4096,0
3.815,0.09749689,13000.0,21.5443,1000.0,16.25982001350832,1,4096,0
3.815,0.09749689,14000.0,21.5443,1000.0,14.837528557843081,1,4096,0
3.815,0.09749689,2000.0,21.5443,1000.0,16.309550982571707,1,4096,0
3.815,0.09749689,3000.0,21.5443,1000.0,15.620529514754722,1,4096,0
3.815,0.09749689,4000.0,21.5443,1000.0,17.73403517120738,1,4096,0
3.815,0.09749689,5000.0,21.5443,1000.0,15.350731222027488,1,4096,0
3.815,0.09749689,6000.0,21.5443,1000.0,15.600357455083838,1,4096,0
3.815,0.09749689,7000.0,21.5443,1000.0,14.39658287953091,1,4096,0
3.815,0.09749689,8000.0,21.5443,1000.0,15.549888488081669,1,4096,0
3.815,0.09749689,9000.0,21.5443,1000.0,16.305645214912346,1,4096,0
3.815,0.16265453,0.0,10.0,1000.0,1.7919589258279278,1,4096,0
3.815,0.16265453,10000.0,10.0,1000.0,2.1522131907450452,1,4096,0
3.815,0.16265453,1000.0,10.0,1000.0,1.9116690023219105,1,4096,0
3.815,0.16265453,11000.0,10.0,1000.0,1.902510317870019,1,4096,0
3.815,0.16265453,12000.0,10.0,1000.0,1.7823577843871607,1,4096,0
3.815,0.16265453,13000.0,10.0,1000.0,1.9395873361359266,1,4096,0
3.815,0.16265453,14000.0,10.0,1000.0,1.901597030992104,1,4096,0
3.815,0.16265453,2000.0,10.0,1000.0,1.9680936629159285,1,4096,0
3.815,0.16265453,3000.0,10.0,1000.0,7.8032142135916756,1,4096,0
3.815,0.16265453,4000.0,10.0,1000.0,1.8709398457739566,1,4096,0
3.815,0.16265453,5000.0,10.0,1000.0,1.8106581682819984,1,4096,0
3.815,0.16265453,6000.0,10.0,1000.0,7.786393796094463,1,4096,0
3.815,0.16265453,7000.0,10.0,1000.0,1.9026116159403328,1,4096,0
3.815,0.16265453,8000.0,10.0,1000.0,1.8765386477185886,1,4096,0
3.815,0.16265453,9000.0,10.0,1000.0,2.001934002042885,1,4096,0
3.825,0.00172962,0.0,10000.0,10000.0,31867.9141065776,1,4096,0
3.825,0.00172962,100000.0,10000.0,10000.0,,0,4096,0
3.825,0.00172962,10000.0,10000.0,10000.0,48098.797027271234,1,4096,0
3.825,0.00172962,110000.0,10000.0,10000.0,,0,4096,0
3.825,0.00172962,120000.0,10000.0,10000.0,,0,4096,0
3.825,0.00172962,130000.0,10000.0,10000.0,,0,4096,0
3.825,0.00172962,140000.0,10000.0,10000.0,,0,4096,0
3.825,0.00172962,20000.0,10000.0,10000.0,53616.57090243957,1,4096,0
3.825,0.00172962,30000.0,10000.0,10000.0,78471.4622869506,1,4096,0
3.825,0.00172962,40000.0,10000.0,10000.0,92669.81938097815,1,4096,0
3.825,0.00172962,50000.0,10000.0,10000.0,,0,4096,0
3.825,0.00172962,60000.0,10000.0,10000.0,,0,4096,0
3.825,0.00172962,70000.0,10000.0,10000.0,,0,4096,0
3.825,0.00172962,80000.0,10000.0,10000.0,,0,4096,0
3.825,0.00172962,90000.0,10000.0,10000.0,,0,4096,0
3.825,0.00260712,0.0,4641.59,4641.59,10793.729819455813,1,4096,0
3.825,0.00260712,13925.0,4641.59,4641.59,25770.459718370126,1,4096,0
3.825,0.00260712,18566.0,4641.59,4641.59,31652.745275619443,1,4096,0
3.825,0.00260712,23208.0,4641.59,4641.59,38487.9512028361,1,4096,0
3.825,0.00260712,27850.0,4641.59,4641.59,,0,4096,0
3.825,0.00260712,32491.0,4641.59,4641.59,,0,4096,0
3.825,0.00260712,37133.0,4641.59,4641.59,,0,4096,0
3.825,0.00260712,41774.0,4641.59,4641.59,,0,4096,0
3.825,0.00260712,46416.0,4641.59,4641.59,,0,4096,0
3.825,0.00260712,4642.0,4641.59,4641.59,13427.767501673196,1,4096,0
3.825,0.00260712,51057.0,4641.59,4641.59,,0,4096,0
3.825,0.00260712,55699.0,4641.59,4641.59,,0,4096,0
3.825,0.00260712,60341.0,4641.59,4641.59,,0,4096,0
3.825,0.00260712,64982.0,4641.59,4641.59,,0,4096,0
3.825,0.00260712,9283.0,4641.59,4641.59,21200.113430723497,1,4096,0
3.825,0.00418735,0.0,2154.43,2154.43,3322.3373308139267,1,4096,0
3.825,0.00418735,10772.0,2154.43,2154.43,9686.224037774688,1,4096,0
3.825,0.00418735,12927.0,2154.43,2154.43,10184.824330857931,1,4096,0
3.825,0.00418735,15081.0,2154.43,2154.43,9834.585556739266,1,4096,0
3.825,0.00418735,17235.0,2154.43,2154.43,9704.67104847335,1,4096,0
3.825,0.00418735,19390.0,2154.43,2154.43,9050.865344526937,1,4096,0
3.825,0.00418735,21544.0,2154.43,2154.43,8944.926909654709,1,4096,0
3.825,0.00418735,2154.0,2154.43,2154.43,4362.218195515306,1,4096,0
3.825,0.00418735,23699.0,2154.43,2154.43,,0,4096,0
3.825,0.00418735,25853.0,2154.43,2154.43,,0,4096,0
3.825,0.00418735,28007.0,2154.43,2154.43,,0,4096,0
3.825,0.00418735,30162.0,2154.43,2154.43,,0,4096,0
3.825,0.00418735,4309.0,2154.43,2154.43,5264.484935118371,1,4096,0
3.825,0.00418735,6463.0,2154.43,2154.43,6934.449044000974,1,4096,0
3.825,0.00418735,8618.0,2154.43,2154.43,8469.735768824783,1,4096,0
3.825,0.00683658,0.0,1000.0,1000.0,1061.7277904895923,1,4096,0
3.825,0.00683658,10000.0,1000.0,1000.0,1879.1683132499495,1,4096,0
3.825,0.00683658,1000.0,1000.0,1000.0,1246.5426429080496,1,4096,0
3.825,0.00683658,11000.0,1000.0,1000.0,1766.0917218910204,1,4096,0
3.825,0.00683658,12000.0,1000.0,1000.0,1627.9154856311316,1,4096,0
3.825,0.00683658,13000.0,1000.0,1000.0,1661.8606023013779,1,4096,0
3.825,0.00683658,14000.0,1000.0,1000.0,,0,4096,0
3.825,0.00683658,2000.0,1000.0,1000.0,1509.968871673393,1,4096,0
3.825,0.00683658,3000.0,1000.0,1000.0,1677.091240943278,1,4096,0
3.825,0.00683658,4000.0,1000.0,1000.0,1782.470699540503,1,4096,0
3.825,0.00683658,5000.0,1000.0,1000.0,1785.209227026474,1,4096,0
3.825,0.00683658,6000.0,1000.0,1000.0,1758.3676391295344,1,4096,0
3.825,0.00683658,7000.0,1000.0,1000.0,1547.755821333375,1,4096,0
3.825,0.00683658,8000.0,1000.0,1000.0,1758.5040890289722,1,4096,0
3.825,0.00683658,9000.0,1000.0,1000.0,1717.966278195864,1,4096,0
3.825,0.01083597,0.0,464.159,1000.0,521.7291939836397,1,4096,0
3.825,0.01083597,10000.0,464.159,1000.0,531.1674247616365,1,4096,0
3.825,0.01083597,1000.0,464.159,1000.0,593.4246209467316,1,4096,0
3.825,0.01083597,11000.0,464.159,1000.0,457.5630780694752,1,4096,0
3.825,0.01083597,12000.0,464.159,1000.0,552.5472023677157,1,4096,0
3.825,0.01083597,13000.0,464.159,1000.0,560.7310020286368,1,4096,0
3.825,0.01083597,14000.0,464.159,1000.0,498.27872469405656,1,4096,0
3.825,0.01083597,2000.0,464.159,1000.0,524.0251242583206,1,4096,0
3.825,0.01083597,3000.0,464.159,1000.0,541.3146531470919,1,4096,0
3.825,0.01083597,4000.0,464.159,1000.0,540.0916462035209,1,4096,0
3.825,0.01083597,5000.0,464.159,1000.0,486.4404415450122,1,4096,0
3.825,0.01083597,6000.0,464.159,1000.0,550.0450470966967,1,4096,0
3.825,0.01083597,7000.0,464.159,1000.0,494.5986646848926,1,4096,0
3.825,0.01083597,8000.0,464.159,1000.0,544.7838041987535,1,4096,0
3.825,0.01083597,9000.0,464.159,1000.0,549.2254264653071,1,4096,0
3.825,0.01691592,0.0,215.443,1000.0,226.5069119665469,1,4096,0
3.825,0.01691592,10000.0,215.443,1000.0,209.3625566676187,1,4096,0
3.825,0.01691592,1000.0,215.443,1000.0,232.0494657416145,1,4096,0
3.825,0.01691592,11000.0,215.443,1000.0,198.5010198723037,1,4096,0
3.825,0.01691592,12000.0,215.443,1000.0,207.345420580831,1,4096,0
3.825,0.01691592,13000.0,215.443,1000.0,196.4025826273642,1,4096,0
3.825,0.01691592,14000.0,215.443,1000.0,199.9819669149449,1,4096,0
3.825,0.01691592,2000.0,215.443,1000.0,206.44673805060975,1,4096,0
3.825,0.01691592,3000.0,215.443,1000.0,228.69310163093618,1,4096,0
3.825,0.01691592,4000.0,215.443,1000.0,198.803603751557,1,4096,0
3.825,0.01691592,5000.0,215.443,1000.0,213.03238864269161,1,4096,0
3.825,0.01691592,6000.0,215.443,1000.0,217.99914680070876,1,4096,0
3.825,0.01691592,7000.0,215.443,1000.0,188.73135249958443,1,4096,0
3.825,0.01691592,8000.0,215.443,1000.0,216.28076286108342,1,4096,0
3.825,0.01691592,9000.0,215.443,1000.0,216.25829466923506,1,4096,0
3.825,0.02759231,0.0,100.0,1000.0,93.06438866543607,1,4096,0
3.825,0.02759231,10000.0,100.0,1000.0,90.41548582843396,1,4096,0
3.825,0.02759231,1000.0,100.0,1000.0,90.05191588177375,1,4096,0
3.825,0.02759231,11000.0,100.0,1000.0,90.5501429629388,1,4096,0
3.825,0.02759231,12000.0,100.0,1000.0,90.88777926236155,1,4096,0
3.825,0.02759231,13000.0,100.0,1000.0,92.1445712430668,1,4096,0
3.825,0.02759231,14000.0,100.0,1000.0,92.13656321638841,1,4096,0
3.825,0.02759231,2000.0,100.0,1000.0,87.92877387103609,1,4096,0
3.825,0.02759231,3000.0,100.0,1000.0,87.49998312579727,1,4096,0
3.825,0.02759231,4000.0,100.0,1000.0,88.78455868585004,1,4096,0
3.825,0.02759231,5000.0,100.0,1000.0,95.2733522253186,1,4096,0
3.825,0.02759231,6000.0,100.0,1000.0,88.87960313351999,1,4096,0
3.825,0.02759231,7000.0,100.0,1000.0,89.46059705666546,1,4096,0
3.825,0.02759231,8000.0,100.0,1000.0,89.7933759458819,1,4096,0
3.825,0.02759231,9000.0,100.0,1000.0,90.9943855196724,1,4096,0
3.825,0.04506436,0.0,46.4159,1000.0,43.083804162066244,1,4096,0
3.825,0.04506436,10000.0,46.4159,1000.0,41.10565859422206,1,4096,0
3.825,0.04506436,1000.0,46.4159,1000.0,44.77882088030447,1,4096,0
3.825,0.04506436,11000.0,46.4159,1000.0,43.55557574031142,1,4096,0
3.825,0.04506436,12000.0,46.4159,1000.0,42.00992583760846,1,4096,0
3.825,0.04506436,13000.0,46.4159,1000.0,41.77851941125891,1,4096,0
3.825,0.04506436,14000.0,46.4159,1000.0,44.36345374364868,1,4096,0
3.825,0.04506436,2000.0,46.4159,1000.0,41.92765993502028,1,4096,0
3.825,0.04506436,3000.0,46.4159,1000.0,46.96239776686033,1,4096,0
3.825,0.04506436,4000.0,46.4159,1000.0,43.79236594365896,1,4096,0
3.825,0.04506436,5000.0,46.4159,1000.0,46.982054882546805,1,4096,0
3.825,0.04506436,6000.0,46.4159,1000.0,44.76349847085906,1,4096,0
3.825,0.04506436,7000.0,46.4159,1000.0,43.29802435474149,1,4096,0
3.825,0.04506436,8000.0,46.4159,1000.0,42.44117852895869,1,4096,0
3.825,0.04506436,9000.0,46.4159,1000.0,44.50378822827689,1,4096,0
3.825,0.06529403,0.0,21.5443,1000.0,26.419444555336394,1,4096,0
3.825,0.06529403,10000.0,21.5443,1000.0,26.135950948573882,1,4096,0
3.825,0.06529403,1000.0,21.5443,1000.0,24.321488333055377,1,4096,0
3.825,0.06529403,11000.0,21.5443,1000.0,26.206040688538963,1,4096,0
3.825,0.06529403,12000.0,21.5443,1000.0,24.484813778517115,1,4096,0
3.825,0.06529403,13000.0,21.5443,1000.0,26.020379827063337,1,4096,0
3.825,0.06529403,14000.0,21.5443,1000.0,25.24788714396933,1,4096,0
3.825,0.06529403,2000.0,21.5443,1000.0,25.594731114088585,1,4096,0
3.825,0.06529403,3000.0,21.5443,1000.0,26.998404036557123,1,4096,0
3.825,0.06529403,4000.0,21.5443,1000.0,28.37901085518831,1,4096,0
3.825,0.06529403,5000.0,21.5443,1000.0,25.551863085170766,1,4096,0
3.825,0.06529403,6000.0,21.5443,1000.0,23.11253120231111,1,4096,0
3.825,0.06529403,7000.0,21.5443,1000.0,26.50448646281551,1,4096,0
3.825,0.06529403,8000.0,21.5443,1000.0,24.164635742049203,1,4096,0
3.825,0.06529403,9000.0,21.5443,1000.0,23.80840576911714,1,4096,0
3.825,0.09228032,0.0,10.0,1000.0,17.63351383146825,1,4096,0
3.825,0.09228032,10000.0,10.0,1000.0,17.02090446299395,1,4096,0
3.825,0.09228032,1000.0,10.0,1000.0,17.12261851807636,1,4096,0
3.825,0.09228032,11000.0,10.0,1000.0,15.873973781312964,1,4096,0
3.825,0.09228032,12000.0,10.0,1000.0,16.909839225836937,1,4096,0
3.825,0.09228032,13000.0,10.0,1000.0,17.880835727423555,1,4096,0
3.825,0.09228032,14000.0,10.0,1000.0,17.631655466100604,1,4096,0
3.825,0.09228032,2000.0,10.0,1000.0,15.231454500137959,1,4096,0
3.825,0.09228032,3000.0,10.0,1000.0,16.272383208732528,1,4096,0
3.825,0.09228032,4000.0,10.0,1000.0,16.38514962636291,1,4096,0
3.825,0.09228032,5000.0,10.0,1000.0,15.29578281591765,1,4096,0
3.825,0.09228032,6000.0,10.0,1000.0,16.802887366427786,1,4096,0
3.825,0.09228032,7000.0,10.0,1000.0,15.120594851423713,1,4096,0
3.825,0.09228032,8000.0,10.0,1000.0,15.673784099559448,1,4096,0
3.825,0.09228032,9000.0,10.0,1000.0,17.35492404462176,1,4096,0
3.85,0.000825,0.0,10000.0,10000.0,12497.373044891514,1,4096,0
3.85,0.000825,100000.0,10000.0,10000.0,30491.230070327427,1,4096,0
3.85,0.000825,10000.0,10000.0,10000.0,19476.359848636326,1,4096,0
3.85,0.000825,110000.0,10000.0,10000.0,29733.243106915135,1,4096,0
3.85,0.000825,120000.0,10000.0,10000.0,,0,4096,0
3.85,0.000825,130000.0,10000.0,10000.0,,0,4096,0
3.85,0.000825,140000.0,10000.0,10000.0,,0,4096,0
3.85,0.000825,20000.0,10000.0,10000.0,21192.534685876843,1,4096,0
3.85,0.000825,30000.0,10000.0,10000.0,24660.663475085577,1,4096,0
3.85,0.000825,40000.0,10000.0,10000.0,25110.192641664373,1,4096,0
3.85,0.000825,50000.0,10000.0,10000.0,25719.498354699295,1,4096,0
3.85,0.000825,60000.0,10000.0,10000.0,28290.759720812297,1,4096,0
3.85,0.000825,70000.0,10000.0,10000.0,26599.090896571633,1,4096,0
3.85,0.000825,80000.0,10000.0,10000.0,27865.129744740167,1,4096,0
3.85,0.000825,90000.0,10000.0,10000.0,27898.600836655027,1,4096,0
3.85,0.00138085,0.0,4641.59,4641.59,6391.244916888997,1,4096,0
3.85,0.00138085,13925.0,4641.59,4641.59,9449.037377890778,1,4096,0
3.85,0.00138085,18566.0,4641.59,4641.59,9725.715978288858,1,4096,0
3.85,0.00138085,23208.0,4641.59,4641.59,9967.606524151633,1,4096,0
3.85,0.00138085,27850.0,4641.59,4641.59,10053.905796709669,1,4096,0
3.85,0.00138085,32491.0,4641.59,4641.59,13197.915771680962,1,4096,0
3.85,0.00138085,37133.0,4641.59,4641.59,14975.168832043337,1,4096,0
3.85,0.00138085,41774.0,4641.59,4641.59,15378.401016689913,1,4096,0
3.85,0.00138085,46416.0,4641.59,4641.59,15305.452902365656,1,4096,0
3.85,0.00138085,4642.0,4641.59,4641.59,7283.608288488006,1,4096,0
3.85,0.00138085,51057.0,4641.59,4641.59,16610.630700506474,1,4096,0
3.85,0.00138085,55699.0,4641.59,4641.59,,0,4096,0
3.85,0.00138085,60341.0,4641.59,4641.59,,0,4096,0
3.85,0.00138085,64982.0,4641.59,4641.59,,0,4096,0
3.85,0.00138085,9283.0,4641.59,4641.59,8668.604105822482,1,4096,0
3.85,0.00257217,0.0,2154.43,2154.43,2376.857926711268,1,4096,0
3.85,0.00257217,10772.0,2154.43,2154.43,3782.513614248803,1,4096,0
3.85,0.00257217,12927.0,2154.43,2154.43,3880.6524756332474,1,4096,0
3.85,0.00257217,15081.0,2154.43,2154.43,3801.107681824903,1,4096,0
3.85,0.00257217,17235.0,2154.43,2154.43,3573.4534091764685,1,4096,0
3.85,0.00257217,19390.0,2154.43,2154.43,4057.6642042421176,1,4096,0
3.85,0.00257217,21544.0,2154.43,2154.43,3844.073811923382,1,4096,0
3.85,0.00257217,2154.0,2154.43,2154.43,3376.974083847244,1,4096,0
3.85,0.00257217,23699.0,2154.43,2154.43,3827.171754205602,1,4096,0
3.85,0.00257217,25853.0,2154.43,2154.43,3484.6649815554924,1,4096,0
3.85,0.00257217,28007.0,2154.43,2154.43,3696.0873316243396,1,4096,0
3.85,0.00257217,30162.0,2154.43,2154.43,,0,4096,0
3.85,0.00257217,4309.0,2154.43,2154.43,3623.7275745382694,1,4096,0
3.85,0.00257217,6463.0,2154.43,2154.43,3659.074965398117,1,4096,0
3.85,0.00257217,8618.0,2154.43,2154.43,3625.1433103457657,1,4096,0
3.85,0.00495084,0.0,1000.0,1000.0,863.4371983146882,1,4096,0
3.85,0.00495084,10000.0,1000.0,1000.0,1282.1106249595223,1,4096,0
3.85,0.00495084,1000.0,1000.0,1000.0,894.3664353087631,1,4096,0
3.85,0.00495084,11000.0,1000.0,1000.0,1290.6269820192056,1,4096,0
3.85,0.00495084,12000.0,1000.0,1000.0,1197.0059232264905,1,4096,0
3.85,0.00495084,13000.0,1000.0,1000.0,1353.8929052486,1,4096,0
3.85,0.00495084,14000.0,1000.0,1000.0,,0,4096,0
3.85,0.00495084,2000.0,1000.0,1000.0,982.512483414953,1,4096,0
3.85,0.00495084,3000.0,1000.0,1000.0,806.9192660637593,1,4096,0
3.85,0.00495084,4000.0,1000.0,1000.0,1082.035472779111,1,4096,0
3.85,0.00495084,5000.0,1000.0,1000.0,986.1043377900999,1,4096,0
3.85,0.00495084,6000.0,1000.0,1000.0,1044.2931048204903,1,4096,0
3.85,0.00495084,7000.0,1000.0,1000.0,1108.3064434088571,1,4096,0
3.85,0.00495084,8000.0,1000.0,1000.0,1045.356542678504,1,4096,0
3.85,0.00495084,9000.0,1000.0,1000.0,1086.5413379163842,1,4096,0
3.85,0.00826466,0.0,464.159,1000.0,437.12123247427905,1,4096,0
3.85,0.00826466,10000.0,464.159,1000.0,449.5585594460459,1,4096,0
3.85,0.00826466,1000.0,464.159,1000.0,467.44700263414063,1,4096,0
3.85,0.00826466,11000.0,464.159,1000.0,425.08350441224223,1,4096,0
3.85,0.00826466,12000.0,464.159,1000.0,439.7228131551123,1,4096,0
3.85,0.00826466,13000.0,464.159,1000.0,464.28207054382165,1,4096,0
3.85,0.00826466,14000.0,464.159,1000.0,432.0408735305866,1,4096,0
3.85,0.00826466,2000.0,464.159,1000.0,435.5996095007083,1,4096,0
3.85,0.00826466,3000.0,464.159,1000.0,444.03058685831587,1,4096,0
3.85,0.00826466,4000.0,464.159,1000.0,464.71723972750306,1,4096,0
3.85,0.00826466,5000.0,464.159,1000.0,475.25662657931883,1,4096,0
3.85,0.00826466,6000.0,464.159,1000.0,477.13932045096254,1,4096,0
3.85,0.00826466,7000.0,464.159,1000.0,468.6869127855768,1,4096,0
3.85,0.00826466,8000.0,464.159,1000.0,466.340322402935,1,4096,0
3.85,0.00826466,9000.0,464.159,1000.0,434.04458888364906,1,4096,0
3.85,0.01667554,0.0,215.443,1000.0,146.9659740745654,1,4096,0
3.85,0.01667554,10000.0,215.443,1000.0,151.85898505428162,1,4096,0
3.85,0.01667554,1000.0,215.443,1000.0,137.62353907039792,1,4096,0
3.85,0.01667554,11000.0,215.443,1000.0,145.53873185935333,1,4096,0
3.85,0.01667554,12000.0,215.443,1000.0,149.11286744898726,1,4096,0
3.85,0.01667554,13000.0,215.443,1000.0,164.61874776918842,1,4096,0
3.85,0.01667554,14000.0,215.443,1000.0,143.53326930491133,1,4096,0
3.85,0.01667554,2000.0,215.443,1000.0,157.31966725057904,1,4096,0
3.85,0.01667554,3000.0,215.443,1000.0,147.07224410593113,1,4096,0
3.85,0.01667554,4000.0,215.443,1000.0,154.02774111498968,1,4096,0
3.85,0.01667554,5000.0,215.443,1000.0,144.12676469838354,1,4096,0
3.85,0.01667554,6000.0,215.443,1000.0,134.65123056740816,1,4096,0
3.85,0.01667554,7000.0,215.443,1000.0,153.28378958605975,1,4096,0
3.85,0.01667554,8000.0,215.443,1000.0,151.74304727688033,1,4096,0
3.85,0.01667554,9000.0,215.443,1000.0,148.77893678352112,1,4096,0
3.85,0.0239427,0.0,100.0,1000.0,93.62361460053114,1,4096,0
3.85,0.0239427,10000.0,100.0,1000.0,85.94607310529648,1,4096,0
3.85,0.0239427,1000.0,100.0,1000.0,80.97696642121504,1,4096,0
3.85,0.0239427,11000.0,100.0,1000.0,83.6863461509218,1,4096,0
3.85,0.0239427,12000.0,100.0,1000.0,87.94919358564097,1,4096,0
3.85,0.0239427,13000.0,100.0,1000.0,79.57906495903961,1,4096,0
3.85,0.0239427,14000.0,100.0,1000.0,80.41078356918153,1,4096,0
3.85,0.0239427,2000.0,100.0,1000.0,97.54504133505111,1,4096,0
3.85,0.0239427,3000.0,100.0,1000.0,98.23908375010015,1,4096,0
3.85,0.0239427,4000.0,100.0,1000.0,80.78822249374859,1,4096,0
3.85,0.0239427,5000.0,100.0,1000.0,79.18120576200305,1,4096,0
3.85,0.0239427,6000.0,100.0,1000.0,89.95276304066537,1,4096,0
3.85,0.0239427,7000.0,100.0,1000.0,87.58370500107876,1,4096,0
3.85,0.0239427,8000.0,100.0,1000.0,83.8886530754464,1,4096,0
3.85,0.0239427,9000.0,100.0,1000.0,80.5631471757622,1,4096,0
3.85,0.04100738,0.0,46.4159,1000.0,39.21183856152142,1,4096,0
3.85,0.04100738,10000.0,46.4159,1000.0,39.575311219613766,1,4096,0
3.85,0.04100738,1000.0,46.4159,1000.0,41.051477049986104,1,4096,0
3.85,0.04100738,11000.0,46.4159,1000.0,42.1257200422552,1,4096,0
3.85,0.04100738,12000.0,46.4159,1000.0,43.37234606613385,1,4096,0
3.85,0.04100738,13000.0,46.4159,1000.0,38.718908805262906,1,4096,0
3.85,0.04100738,14000.0,46.4159,1000.0,41.60823356737339,1,4096,0
3.85,0.04100738,2000.0,46.4159,1000.0,44.91745544054762,1,4096,0
3.85,0.04100738,3000.0,46.4159,1000.0,42.54517008071562,1,4096,0
3.85,0.04100738,4000.0,46.4159,1000.0,38.382921209622964,1,4096,0
3.85,0.04100738,5000.0,46.4159,1000.0,37.64851747224218,1,4096,0
3.85,0.04100738,6000.0,46.4159,1000.0,41.03026680754651,1,4096,0
3.85,0.04100738,7000.0,46.4159,1000.0,42.07891883078507,1,4096,0
3.85,0.04100738,8000.0,46.4159,1000.0,46.29968716446627,1,4096,0
3.85,0.04100738,9000.0,46.4159,1000.0,40.86215146157292,1,4096,0
3.85,0.0636712,0.0,21.5443,1000.0,24.5934868417197,1,4096,0
3.85,0.0636712,10000.0,21.5443,1000.0,23.013278710670935,1,4096,0
3.85,0.0636712,1000.0,21.5443,1000.0,25.99470060816925,1,4096,0
3.85,0.0636712,11000.0,21.5443,1000.0,25.801293494752755,1,4096,0
3.85,0.0636712,12000.0,21.5443,1000.0,23.335331660687554,1,4096,0
3.85,0.0636712,13000.0,21.5443,1000.0,24.908484071465274,1,4096,0
3.85,0.0636712,14000.0,21.5443,1000.0,24.98278088487635,1,4096,0
3.85,0.0636712,2000.0,21.5443,1000.0,24.03305614323524,1,4096,0
3.85,0.0636712,3000.0,21.5443,1000.0,21.397446515669923,1,4096,0
3.85,0.0636712,4000.0,21.5443,1000.0,24.71207245914034,1,4096,0
3.85,0.0636712,5000.0,21.5443,1000.0,22.330647824059568,1,4096,0
3.85,0.0636712,6000.0,21.5443,1000.0,23.398427155070603,1,4096,0
3.85,0.0636712,7000.0,21.5443,1000.0,24.369247754240643,1,4096,0
3.85,0.0636712,8000.0,21.5443,1000.0,23.9915491521293,1,4096,0
3.85,0.0636712,9000.0,21.5443,1000.0,21.618340520064073,1,4096,0
3.85,0.0988608,0.0,10.0,1000.0,13.097669796965308,1,4096,0
3.85,0.0988608,10000.0,10.0,1000.0,14.573921232466688,1,4096,0
3.85,0.0988608,1000.0,10.0,1000.0,12.678272344874792,1,4096,0
3.85,0.0988608,11000.0,10.0,1000.0,13.758128170316558,1,4096,0
3.85,0.0988608,12000.0,10.0,1000.0,13.455880938608043,1,4096,0
3.85,0.0988608,13000.0,10.0,1000.0,12.924474137755533,1,4096,0
3.85,0.0988608,14000.0,10.0,1000.0,12.590682099142855,1,4096,0
3.85,0.0988608,2000.0,10.0,1000.0,13.926968530439577,1,4096,0
3.85,0.0988608,3000.0,10.0,1000.0,13.157169159570323,1,4096,0
3.85,0.0988608,4000.0,10.0,1000.0,12.439427711214398,1,4096,0
3.85,0.0988608,5000.0,10.0,1000.0,14.898796021198736,1,4096,0
3.85,0.0988608,6000.0,10.0,1000.0,13.021465670675127,1,4096,0
3.85,0.0988608,7000.0,10.0,1000.0,14.184770231220751,1,4096,0
3.85,0.0988608,8000.0,10.0,1000.0,13.756251641531724,1,4096,0
3.85,0.0988608,9000.0,10.0,1000.0,13.341680201177308,1,4096,0
